rpt,fold,feature,AUC_multi,AUC0vall,AUC1vall,AUC2vall,AUC3vall,accuracy
1,1,baseline,0.952277967031445,0.958243425888602,0.943938289601555,0.957092498072192,0.968221771467208,0.796638655462185
1,1,DER_RBC_Last12months,0.952455010008612,0.957377943233823,0.945851554907677,0.956504975581096,0.968241657717854,0.781512605042017
1,1,DER_RBC_Last24months,0.952566294557712,0.959073340763047,0.94524416909621,0.957202658539272,0.96665075766615,0.803361344537815
1,1,DER_RBCLoss_mL,0.954779630886288,0.959512010053826,0.948387390670554,0.959222267102413,0.969414946505986,0.805042016806723
1,1,DER_DaysRBCLoss,0.950386830514296,0.955895952386598,0.946914480077745,0.956743656593104,0.961500218748757,0.786554621848739
1,1,DER_DaysDRLoss,0.952128554419307,0.958350129229602,0.943604227405248,0.956963977527265,0.96810245396333,0.796638655462185
1,1,RQ1_Ever_Donated,0.95235959011117,0.958219714035046,0.943710519922255,0.957074137994345,0.968699041482719,0.796638655462185
1,1,cumLifetimeDonations,0.951158764154292,0.957164536551822,0.939823250728863,0.958763265156244,0.968858131487889,0.786554621848739
1,1,FingerstickHGB_equiv,0.943231515452979,0.951497403552036,0.933278668610301,0.958322623287923,0.953008789722786,0.759663865546218
1,1,DD_ABO_RH,0.952797282965499,0.958385697009935,0.943877551020408,0.958377703521463,0.969096766495645,0.796638655462185
1,1,DER_AdjVenousHgb,0.950215640419089,0.95776918881749,0.946732264334305,0.954228325928102,0.959929204947699,0.789915966386555
1,1,DER_Weight,0.953166149837368,0.961065136461717,0.94276907191448,0.962692321815445,0.96406554508213,0.779831932773109
1,1,DER_Height,0.952881819504191,0.958433120717046,0.948235544217687,0.956101053868468,0.967207572684246,0.794957983193277
1,1,BMI,0.951860004935208,0.959429018566381,0.944287536443149,0.95744133955128,0.967028596428429,0.794957983193277
1,1,DER_EBV,0.948259882613669,0.954686647855263,0.924790451895044,0.964491609444424,0.969355287754047,0.757983193277311
1,1,DER_RedCellVolume,0.957480253253981,0.958741374813269,0.947294096209913,0.96917342929534,0.969593922761802,0.80672268907563
1,1,DER_PercentRBCLoss,0.951349859578708,0.957354231380267,0.945775631681244,0.952080196820035,0.968679155232073,0.783193277310924
1,1,DD_Country,0.952324163362029,0.958231569961824,0.943847181729835,0.957478059706973,0.968181998965915,0.79327731092437
1,1,DER_Age,0.953562332972909,0.959713560809048,0.946732264334305,0.957202658539272,0.969255856500815,0.789915966386555
1,1,Gender_F,0.951082350133178,0.958705807032936,0.940764698736637,0.956137774024162,0.967764387702343,0.794957983193277
1,1,DD_Raceth,0.952066927648419,0.95798259549949,0.942844995140913,0.956615136048177,0.969235970250169,0.788235294117647
1,1,RQ7_Ever_Smoked,0.951365213815659,0.958456832570602,0.942055393586006,0.95452208717365,0.969951875273436,0.791596638655462
1,1,RQ8_Smoked_Past_90Days,0.951691625498322,0.958314561449269,0.943740889212828,0.955715492233687,0.967943363958159,0.796638655462185
1,1,RQ11_Liver,0.952542228229867,0.958397552936713,0.943664965986395,0.957790181030368,0.968957562741121,0.801680672268908
1,1,RQ11_Beef,0.952580824278598,0.958018163279824,0.945532677356657,0.955770572467227,0.969335401503401,0.796638655462185
1,1,RQ11_LPCT,0.951376993038766,0.95836198515638,0.943619412050534,0.955458451143833,0.9671876864336,0.791596638655462
1,1,RQ11_Clams,0.951823943228483,0.958302705522491,0.943194241982507,0.957312819006353,0.967525752694587,0.791596638655462
1,1,RQ11_OMSS,0.9523942237966,0.958290849595713,0.943816812439261,0.957459699629126,0.96848029272561,0.803361344537815
1,1,RQ11_OtrFish,0.951877456980826,0.957496502501601,0.943907920310982,0.956229574413396,0.968400747723024,0.788235294117647
1,1,RQ11_Eggs,0.952192495998995,0.958160434401157,0.944302721088435,0.956504975581096,0.968460406474963,0.79327731092437
1,1,RQ11_Dairy,0.952257732824605,0.958326417376046,0.944014212827988,0.957055777916498,0.968500178976256,0.79327731092437
1,1,compositeIronScore,0.952263525968201,0.957923315865601,0.942480563654033,0.956817096904491,0.969633695263095,0.79327731092437
1,1,supp_iron_pct_of_daily,0.95174055290644,0.958006307353046,0.943695335276968,0.95755150001836,0.967128027681661,0.796638655462185
1,1,multivitamins_per_week,0.952310187118133,0.957306807673156,0.944834183673469,0.957367899239893,0.968181998965915,0.791596638655462
1,1,RQ17_NumberOfPeriods,0.951427108248189,0.957674341403267,0.943057580174927,0.957000697682958,0.966909278924552,0.79327731092437
1,1,RQ18_Menstrual_Flow,0.9470126631685,0.959025917055936,0.945638969873664,0.940843829177836,0.963230322554986,0.779831932773109
1,1,menstrual_flow_times_freq,0.950911447964215,0.95787589215849,0.946291909620991,0.953273601880072,0.964463270095056,0.798319327731092
1,1,RQ19_Ever_Pregnant,0.952509953470967,0.958373841083157,0.944181243926142,0.957257738772812,0.968579723978841,0.794957983193277
1,1,RQ20_NumberOfPregnancies,0.951815825988145,0.958160434401157,0.943649781341108,0.956284654646936,0.96788370520622,0.79327731092437
1,1,RQ21_NumberOfLiveBirths,0.952066734501414,0.957958883645935,0.942571671525753,0.957514779862667,0.969494491508571,0.789915966386555
1,1,gender_menstrating_cohorts,0.952730062319618,0.958006307353046,0.946762633624879,0.955385010832446,0.967545638945233,0.801680672268908
1,1,ARUP_Ferritin,0.911528167928394,0.90553197543452,0.936922983479106,0.871259134138729,0.941275901841467,0.677310924369748
1,1,ARUP_STR,0.955512244651238,0.959654281175159,0.947294096209913,0.963481805162854,0.968738813984011,0.80672268907563
1,1,DER_ARUP_log_Ferr,0.960557605581976,0.962452279894719,0.948691083576288,0.965997135827856,0.975838205464742,0.815126050420168
1,1,DER_ARUP_log_STfR_Ferr,0.955623066491885,0.958729518886491,0.948311467444121,0.966915139720192,0.964224635087301,0.796638655462185
1,1,DER_BodyIron,0.955880073384345,0.959583145614493,0.947506681243926,0.960213711306136,0.972218907847115,0.810084033613445
1,1,time_to_fu,0.945990167202215,0.944443127119247,0.936391520894072,0.949932067711967,0.963926341327606,0.761344537815126
1,2,baseline,0.95485198811598,0.969802527552221,0.9564138854647,0.967269515942082,0.947723575602996,0.781144781144781
1,2,DER_RBC_Last12months,0.955016600301165,0.969600418484658,0.959229329315619,0.967103931705702,0.94585584319081,0.786195286195286
1,2,DER_RBC_Last24months,0.955636434751689,0.969873860164303,0.958590147468383,0.965760859566169,0.949169561986625,0.78956228956229
1,2,DER_RBCLoss_mL,0.956851282723382,0.970016525388466,0.959898948393675,0.968888561808916,0.949209728275059,0.78956228956229
1,2,DER_DaysRBCLoss,0.953447957942158,0.966830335382164,0.959244547931029,0.965374496347948,0.944711103970438,0.774410774410774
1,2,DER_DaysDRLoss,0.954795010533414,0.96970741740278,0.9564138854647,0.967195922948135,0.947743658747213,0.781144781144781
1,2,RQ1_Ever_Donated,0.955117516121745,0.969885748932983,0.956763913619139,0.967287914190569,0.948185487919989,0.784511784511784
1,2,cumLifetimeDonations,0.953260430653408,0.968637428221559,0.952989696997367,0.96519051386308,0.948225654208423,0.767676767676768
1,2,FingerstickHGB_equiv,0.951206196247415,0.966556893702519,0.95311144592065,0.968263021360366,0.939168156166529,0.760942760942761
1,2,DD_ABO_RH,0.956165503076455,0.971669064235017,0.957874872544096,0.965944842051037,0.951258208985199,0.78956228956229
1,2,DER_AdjVenousHgb,0.956995447145909,0.969647973559378,0.961770838089151,0.970102846209041,0.946960416122748,0.78956228956229
1,2,DER_Weight,0.954264402199083,0.966782780307444,0.952944041151136,0.970434014681802,0.948185487919989,0.782828282828283
1,2,DER_Height,0.953399233395347,0.969647973559378,0.953400599613447,0.958309568929038,0.952182033619183,0.796296296296296
1,2,BMI,0.955307009566117,0.969029757588007,0.955835578079106,0.962577962577963,0.953527604281726,0.791245791245791
1,2,DER_EBV,0.952969106208353,0.966747114001403,0.953857158075758,0.966754364984454,0.948647400236981,0.794612794612795
1,2,DER_RedCellVolume,0.958818350328298,0.973119494014005,0.960857721164528,0.970765183154564,0.950173719197478,0.794612794612795
1,2,DER_PercentRBCLoss,0.952811439201963,0.968363986541914,0.955105084539409,0.965705664820709,0.943787279336453,0.774410774410774
1,2,DD_Country,0.954604956639824,0.969873860164303,0.956337792387649,0.966625577245046,0.947462494728175,0.781144781144781
1,2,DER_Age,0.956267188262278,0.969576640947297,0.95804227731361,0.967747870402738,0.950454883216516,0.784511784511784
1,2,Gender_F,0.955146008004132,0.969754972477501,0.956033420079441,0.967011940463268,0.949510975438315,0.787878787878788
1,2,DD_Raceth,0.954774558507163,0.969362643111053,0.955713829155823,0.967103931705702,0.948426485650594,0.779461279461279
1,2,RQ7_Ever_Smoked,0.954233672570239,0.970064080463186,0.953552785767551,0.967122329954188,0.948687566525415,0.78956228956229
1,2,RQ8_Smoked_Past_90Days,0.954828781595877,0.969861971395623,0.956779132234549,0.966349603517745,0.948326069929508,0.782828282828283
1,2,RQ11_Liver,0.954643778140632,0.96973119494014,0.956505197157163,0.96750869317241,0.946900166690097,0.781144781144781
1,2,RQ11_Beef,0.955373257477578,0.96970741740278,0.957083504542757,0.967931852887605,0.947964573333601,0.796296296296296
1,2,RQ11_LPCT,0.95652705016696,0.970075969231867,0.958590147468383,0.966092028038931,0.952161950474966,0.781144781144781
1,2,RQ11_Clams,0.95518356065985,0.969802527552221,0.956596508849625,0.967674277408791,0.948265820496857,0.777777777777778
1,2,RQ11_OMSS,0.954583341718753,0.969529085872576,0.956535634387983,0.966515187754126,0.947643243026128,0.779461279461279
1,2,RQ11_OtrFish,0.955632098891426,0.970206745687349,0.957037848696526,0.968833367063456,0.947884240756733,0.779461279461279
1,2,RQ11_Eggs,0.954755164704539,0.96971930617146,0.9564138854647,0.967324710687543,0.947341995862872,0.787878787878788
1,2,RQ11_Dairy,0.955560576703021,0.969778750014861,0.957022630081115,0.967913454639118,0.948868314823369,0.779461279461279
1,2,compositeIronScore,0.956489400940875,0.970182968149989,0.956353011003059,0.96745349842695,0.952764444801478,0.797979797979798
1,2,supp_iron_pct_of_daily,0.954924240657758,0.969243755424251,0.956855225311601,0.966257612275311,0.94858715080433,0.781144781144781
1,2,multivitamins_per_week,0.955109684115736,0.969754972477501,0.95679435084996,0.967527091420897,0.948406402506376,0.786195286195286
1,2,RQ17_NumberOfPeriods,0.95474617577274,0.969398309417094,0.954709400538739,0.968171030117933,0.948848231679152,0.786195286195286
1,2,RQ18_Menstrual_Flow,0.953009842701675,0.969612307253338,0.958300993775586,0.961400474674811,0.94688008354588,0.787878787878788
1,2,menstrual_flow_times_freq,0.953327137540588,0.969802527552221,0.954115874537735,0.968925358305889,0.941899463780049,0.776094276094276
1,2,RQ19_Ever_Pregnant,0.95563413134591,0.969671751096739,0.957935747005737,0.967085533457215,0.948988813688671,0.78956228956229
1,2,RQ20_NumberOfPregnancies,0.95486319518171,0.969029757588007,0.957753123620813,0.965724063069196,0.948526901371679,0.786195286195286
1,2,RQ21_NumberOfLiveBirths,0.955529103290487,0.97024241199339,0.956976974234884,0.967232719445109,0.949249894563493,0.787878787878788
1,2,gender_menstrating_cohorts,0.953761858108824,0.96971930617146,0.954085437306914,0.967968649384579,0.945092683710562,0.772727272727273
1,2,ARUP_Ferritin,0.916360379144181,0.923055889101566,0.95722047208145,0.90009751071698,0.896611973570582,0.696969696969697
1,2,ARUP_STR,0.956601893054285,0.96920808911821,0.961070781780274,0.9683550126028,0.948265820496857,0.781144781144781
1,2,DER_ARUP_log_Ferr,0.961578430126,0.973630711067255,0.963018764552801,0.972513016760804,0.955254754684393,0.803030303030303
1,2,DER_ARUP_log_STfR_Ferr,0.959262755007069,0.972370501587151,0.963992755939065,0.973396132688168,0.945494346594903,0.787878787878788
1,2,DER_BodyIron,0.95942206541514,0.974070595508423,0.960005478701548,0.970176439202988,0.954210431185106,0.796296296296296
1,2,time_to_fu,0.940911393043544,0.947023646760905,0.93952122235919,0.954942689455964,0.941618299761011,0.732323232323232
1,3,baseline,0.962082813362093,0.976442536957558,0.953188685605712,0.97990412979351,0.962609675601707,0.806070826306914
1,3,DER_RBC_Last12months,0.962335905397553,0.976049117787315,0.955058073610983,0.980807522123894,0.960818642839894,0.804384485666105
1,3,DER_RBC_Last24months,0.963193512482214,0.978397711015737,0.955134687873495,0.979295722713864,0.962448683892779,0.81787521079258
1,3,DER_RBCLoss_mL,0.963716512933863,0.977229375298045,0.957800864208881,0.979461651917404,0.963173146582951,0.804384485666105
1,3,DER_DaysRBCLoss,0.959308604642746,0.971685741535527,0.953326591278232,0.979129793510324,0.956652982371408,0.779089376053963
1,3,DER_DaysDRLoss,0.962200102396556,0.976561754887935,0.953295945573228,0.980088495575221,0.962710295419786,0.806070826306914
1,3,RQ1_Ever_Donated,0.962300615617204,0.976859799713877,0.953188685605712,0.980254424778761,0.962649923528938,0.806070826306914
1,3,cumLifetimeDonations,0.961321877231862,0.974904625655699,0.950399926450308,0.98056784660767,0.963917733236738,0.799325463743676
1,3,FingerstickHGB_equiv,0.959402938170267,0.973938960419647,0.948637798412552,0.980512536873156,0.958283023424294,0.78752107925801
1,3,DD_ABO_RH,0.962697563078635,0.977038626609442,0.953387882688241,0.980291297935103,0.963756741527811,0.809443507588533
1,3,DER_AdjVenousHgb,0.95821584425462,0.976502145922747,0.952545125800619,0.973432890855457,0.95415761088304,0.784148397976391
1,3,DER_Weight,0.961195589425754,0.975941821649976,0.954184671018357,0.976972713864307,0.960899138694357,0.801011804384486
1,3,DER_Height,0.957690352479359,0.976013352408202,0.943397382856793,0.974022861356932,0.963314014328262,0.799325463743676
1,3,BMI,0.961025954477611,0.97689556509299,0.951840274585517,0.976880530973451,0.963052402801256,0.812816188870152
1,3,DER_EBV,0.960369982337947,0.973533619456366,0.955946799056112,0.970298672566372,0.96556789825324,0.806070826306914
1,3,DER_RedCellVolume,0.966319332669004,0.978731521220792,0.958245226931446,0.983536135693215,0.965286162762618,0.81787521079258
1,3,DER_PercentRBCLoss,0.960648848529587,0.974475441106342,0.953326591278232,0.975055309734513,0.963515253964421,0.827993254637437
1,3,DD_Country,0.962220835308856,0.976525989508822,0.953525788360761,0.979701327433628,0.962951782983176,0.802698145025295
1,3,DER_Age,0.962356361424572,0.976764425369576,0.953372559835739,0.978392330383481,0.964461080254367,0.802698145025295
1,3,Gender_F,0.962043140637988,0.976096804959466,0.95317336275321,0.979535398230089,0.963052402801256,0.806070826306914
1,3,DD_Raceth,0.961423405483902,0.976013352408202,0.951212037632926,0.979941002949853,0.962951782983176,0.806070826306914
1,3,RQ7_Ever_Smoked,0.962507349544174,0.976275631855031,0.95303545708069,0.980106932153392,0.963917733236738,0.799325463743676
1,3,RQ8_Smoked_Past_90Days,0.962255159854235,0.976406771578445,0.953050779933192,0.980862831858407,0.962488931820011,0.807757166947723
1,3,RQ11_Liver,0.962517914971375,0.976561754887935,0.95386289111581,0.98023598820059,0.963052402801256,0.807757166947723
1,3,RQ11_Beef,0.962808121010445,0.976251788268956,0.95386289111581,0.981618731563422,0.963575625855268,0.812816188870152
1,3,RQ11_LPCT,0.961793350191208,0.97653791130186,0.953234654163219,0.979977876106195,0.96210657651131,0.802698145025295
1,3,RQ11_Clams,0.96215345280728,0.976645207439199,0.953050779933192,0.979738200589971,0.963132898655719,0.807757166947723
1,3,RQ11_OMSS,0.96232302143174,0.976776347162613,0.953663694033281,0.980033185840708,0.962529179747243,0.807757166947723
1,3,RQ11_OtrFish,0.9623181553339,0.976478302336671,0.953954828230823,0.979848820058997,0.962670047492554,0.809443507588533
1,3,RQ11_Eggs,0.963224839798083,0.977038626609442,0.955180656431001,0.980420353982301,0.963394510182726,0.814502529510961
1,3,RQ11_Dairy,0.962518872908593,0.977062470195517,0.953663694033281,0.980162241887906,0.963012154874024,0.811129848229342
1,3,compositeIronScore,0.962207968728863,0.976359084406295,0.953464496950752,0.979461651917404,0.963595749818884,0.802698145025295
1,3,supp_iron_pct_of_daily,0.962469643993406,0.976490224129709,0.953403205540743,0.980512536873156,0.963213394510183,0.802698145025295
1,3,multivitamins_per_week,0.963243465162648,0.97705054840248,0.95482823082345,0.980899705014749,0.963314014328262,0.804384485666105
1,3,RQ17_NumberOfPeriods,0.961128877244127,0.976990939437291,0.94917409825013,0.980125368731563,0.963092650728487,0.797639123102867
1,3,RQ18_Menstrual_Flow,0.961926154889496,0.976204101096805,0.954583065183415,0.977525811209439,0.962992030910408,0.814502529510961
1,3,menstrual_flow_times_freq,0.963918471126328,0.977682403433476,0.95731053292881,0.979443215339233,0.96337438621911,0.809443507588533
1,3,RQ19_Ever_Pregnant,0.962251484363105,0.976394849785408,0.953280622720726,0.980291297935103,0.962770667310634,0.806070826306914
1,3,RQ20_NumberOfPregnancies,0.96200009914296,0.976192179303767,0.953510465508259,0.979738200589971,0.962468807856395,0.801011804384486
1,3,RQ21_NumberOfLiveBirths,0.961182773286103,0.976311397234144,0.950491863565321,0.979664454277286,0.962468807856395,0.807757166947723
1,3,gender_menstrating_cohorts,0.962386704402533,0.976633285646161,0.954062088198339,0.979166666666667,0.962891411092329,0.799325463743676
1,3,ARUP_Ferritin,0.927291927060103,0.932021936099189,0.946354693389721,0.92280604719764,0.924011913386461,0.704890387858347
1,3,ARUP_STR,0.962933105953251,0.975679542203147,0.956942784468757,0.977138643067847,0.964803187635837,0.797639123102867
1,3,DER_ARUP_log_Ferr,0.966534496786912,0.978028135431569,0.956452453188686,0.980051622418879,0.969532319085567,0.812816188870152
1,3,DER_ARUP_log_STfR_Ferr,0.965157128808394,0.977145922746781,0.95868958965401,0.980604719764012,0.965286162762618,0.806070826306914
1,3,DER_BodyIron,0.965622480885905,0.977706247019552,0.95648309889369,0.985066371681416,0.963817113418659,0.821247892074199
1,3,time_to_fu,0.950975901577583,0.95399380066762,0.946431307652232,0.975774336283186,0.949649843033084,0.743676222596965
1,4,baseline,0.953329813623739,0.963960727969349,0.939799741998894,0.95942875090066,0.970055050311548,0.788851351351351
1,4,DER_RBC_Last12months,0.953443509894044,0.963924808429119,0.94293261256834,0.959576551443827,0.967131132665201,0.787162162162162
1,4,DER_RBC_Last24months,0.95360663433924,0.963481800766284,0.939093310399902,0.959890627598056,0.970034885362263,0.787162162162162
1,4,DER_RBCLoss_mL,0.956334714299148,0.966032088122605,0.945128693408686,0.962366286696104,0.970821318384384,0.790540540540541
1,4,DER_DaysRBCLoss,0.952248334961004,0.962811302681992,0.941780821917808,0.958597372845345,0.967615091448045,0.782094594594595
1,4,DER_DaysDRLoss,0.95341923060105,0.964032567049808,0.939937956876958,0.959631976647514,0.970115545159404,0.790540540540541
1,4,RQ1_Ever_Donated,0.953139897045226,0.963852969348659,0.939507955034093,0.959373325696972,0.969813070920127,0.783783783783784
1,4,cumLifetimeDonations,0.952385221490304,0.964248084291188,0.937189016524356,0.959890627598056,0.969692081224416,0.783783783783784
1,4,FingerstickHGB_equiv,0.949100014845698,0.961649904214559,0.937189016524356,0.961424058233414,0.956645359036922,0.773648648648649
1,4,DD_ABO_RH,0.954068243559268,0.963793103448276,0.939769027581547,0.95942875090066,0.972353854530056,0.785472972972973
1,4,DER_AdjVenousHgb,0.953433866812718,0.966558908045977,0.947524417961791,0.961959835202394,0.958137565284023,0.782094594594595
1,4,DER_Weight,0.95384536430148,0.96345785440613,0.944053688801523,0.954458957636669,0.970740658587244,0.778716216216216
1,4,DER_Height,0.951859506064121,0.963984674329502,0.933626144112046,0.959705876919098,0.97021636990583,0.782094594594595
1,4,BMI,0.956654350088791,0.965289750957854,0.94256403956017,0.963678016516711,0.972474844225767,0.797297297297297
1,4,DER_EBV,0.949369695404209,0.964319923371648,0.941458320535659,0.947530807175716,0.966546349135932,0.782094594594595
1,4,DER_RedCellVolume,0.955454025094144,0.964236111111111,0.944852263652558,0.959521126240139,0.971063297775806,0.783783783783784
1,4,DER_PercentRBCLoss,0.951962015377112,0.961745689655172,0.941581178205049,0.95320265301975,0.968724163658728,0.787162162162162
1,4,DD_Country,0.953016326176868,0.964032567049808,0.939630812703483,0.959040774474846,0.969490431731564,0.788851351351351
1,4,DER_Age,0.953867401503695,0.963326149425287,0.939630812703483,0.961294732758143,0.971043132826521,0.788851351351351
1,4,Gender_F,0.953407973369571,0.963900862068966,0.940076171755022,0.959447225968555,0.970438184347966,0.787162162162162
1,4,DD_Raceth,0.954476214190303,0.965984195402299,0.942395110264758,0.959983002937536,0.970518844145107,0.787162162162162
1,4,RQ7_Ever_Smoked,0.952503867562401,0.963829022988506,0.939016524356533,0.959484176104347,0.968421689419451,0.787162162162162
1,4,RQ8_Smoked_Past_90Days,0.953349757474974,0.963876915708812,0.940091528963696,0.960019953073328,0.969530761630135,0.790540540540541
1,4,RQ11_Liver,0.953383800134521,0.963984674329502,0.939339025738682,0.960389454431245,0.969712246173701,0.788851351351351
1,4,RQ11_Beef,0.954017633873027,0.96459530651341,0.940552245223908,0.959705876919098,0.970720493637959,0.790540540540541
1,4,RQ11_LPCT,0.953427129762138,0.964212164750958,0.940337244302476,0.958837548727992,0.970317194652255,0.788851351351351
1,4,RQ11_Clams,0.953460435620773,0.964188218390805,0.940137600589717,0.95965045171541,0.970155875057974,0.790540540540541
1,4,RQ11_OMSS,0.953445568323506,0.964104406130268,0.939876528042263,0.959724351986994,0.969873565767982,0.788851351351351
1,4,RQ11_OtrFish,0.953441442195289,0.963326149425287,0.939784384790221,0.960334029227557,0.970115545159404,0.787162162162162
1,4,RQ11_Eggs,0.952918143251908,0.964379789272031,0.939077953191228,0.958782123524304,0.969974390514408,0.785472972972973
1,4,RQ11_Dairy,0.953510217106576,0.963912835249042,0.940352601511149,0.959539601308035,0.970034885362263,0.783783783783784
1,4,compositeIronScore,0.953412898596963,0.964080459770115,0.939185453651944,0.958782123524304,0.972011050392208,0.793918918918919
1,4,supp_iron_pct_of_daily,0.95359573688562,0.964272030651341,0.93953866945144,0.960795905924954,0.97021636990583,0.788851351351351
1,4,multivitamins_per_week,0.953837552013057,0.964224137931034,0.940844032188709,0.959724351986994,0.970075215260834,0.785472972972973
1,4,RQ17_NumberOfPeriods,0.952872653879314,0.961769636015326,0.939646169912157,0.960038428141223,0.969792905970841,0.780405405405405
1,4,RQ18_Menstrual_Flow,0.952335182619982,0.964032567049808,0.939968671294306,0.956343414562049,0.970236534855115,0.787162162162162
1,4,menstrual_flow_times_freq,0.953693953869837,0.964008620689655,0.939784384790221,0.960093853344911,0.9702566998044,0.785472972972973
1,4,RQ19_Ever_Pregnant,0.953584097241965,0.96455938697318,0.940352601511149,0.95965045171541,0.969833235869412,0.782094594594595
1,4,RQ20_NumberOfPregnancies,0.953638057238261,0.96473898467433,0.939001167147859,0.959668926783306,0.970579338992962,0.785472972972973
1,4,RQ21_NumberOfLiveBirths,0.951754237304533,0.964307950191571,0.936974015602924,0.959502651172243,0.967756246093041,0.787162162162162
1,4,gender_menstrating_cohorts,0.952717607298527,0.963936781609195,0.939646169912157,0.957063942209988,0.969651751325845,0.783783783783784
1,4,ARUP_Ferritin,0.918556505604212,0.919240900383142,0.937404017445789,0.922663365787869,0.913210058276703,0.685810810810811
1,4,ARUP_STR,0.956024492876445,0.963517720306513,0.944606548313778,0.961387108097622,0.972192534935775,0.790540540540541
1,4,DER_ARUP_log_Ferr,0.959555023829892,0.962883141762452,0.946203698015849,0.966430801633196,0.977758060938477,0.790540540540541
1,4,DER_ARUP_log_STfR_Ferr,0.954023902285461,0.965002394636015,0.94686405798882,0.959484176104347,0.961505111814644,0.782094594594595
1,4,DER_BodyIron,0.960479637837269,0.966894157088123,0.944836906443885,0.968259833354888,0.977052287713496,0.793918918918919
1,4,time_to_fu,0.934411300184773,0.939104406130268,0.921923951102648,0.942561013911726,0.95303583311488,0.717905405405405
1,5,baseline,0.951531896959056,0.967636494252874,0.937972234166718,0.955031684741441,0.967937730636607,0.783783783783784
1,5,DER_RBC_Last12months,0.952501764295435,0.968163314176245,0.939216168069292,0.957100892345779,0.967413441955194,0.778716216216216
1,5,DER_RBC_Last24months,0.951239102667096,0.966666666666667,0.940321887093802,0.949507639440575,0.96888548325301,0.782094594594595
1,5,DER_RBCLoss_mL,0.95391804675815,0.967804118773946,0.941442963326986,0.957969220536885,0.969833235869412,0.787162162162162
1,5,DER_DaysRBCLoss,0.951416552263775,0.966091954022989,0.941028318692794,0.955881537864652,0.964489524308846,0.783783783783784
1,5,DER_DaysDRLoss,0.9515697051067,0.967600574712644,0.938125806253455,0.954883884198274,0.968119215180174,0.783783783783784
1,5,RQ1_Ever_Donated,0.951531538474586,0.967660440613027,0.937311874193747,0.955604411846214,0.967998225484463,0.782094594594595
1,5,cumLifetimeDonations,0.951793827311843,0.967337164750958,0.937127587689662,0.955179485284608,0.970155875057974,0.775337837837838
1,5,FingerstickHGB_equiv,0.949258757287112,0.964020593869732,0.938279378340193,0.959354850629076,0.95839970962473,0.778716216216216
1,5,DD_ABO_RH,0.951779477370394,0.966906130268199,0.939016524356533,0.95468065845142,0.968502349216592,0.787162162162162
1,5,DER_AdjVenousHgb,0.951371221546965,0.966451149425287,0.939154739234597,0.957913795333198,0.963279627351737,0.790540540540541
1,5,DER_Weight,0.94951985943946,0.967911877394636,0.937557589532527,0.956879191531029,0.960295214857535,0.783783783783784
1,5,DER_Height,0.952407110168286,0.96786398467433,0.938617236931015,0.953276553291333,0.970579338992962,0.788851351351351
1,5,BMI,0.951306937930877,0.966068007662835,0.935530437987591,0.953812330260314,0.970760823536529,0.77027027027027
1,5,DER_EBV,0.948031025152419,0.962248563218391,0.937235088150378,0.944907347534502,0.970498679195822,0.768581081081081
1,5,DER_RedCellVolume,0.956171518070832,0.971815134099617,0.940506173597887,0.962218486152937,0.971406101913654,0.795608108108108
1,5,DER_PercentRBCLoss,0.950164962265515,0.967001915708812,0.936820443516187,0.949433739168991,0.969248452340142,0.777027027027027
1,5,DD_Country,0.951855112850963,0.967744252873563,0.938248663922845,0.955050159809337,0.968663668810873,0.782094594594595
1,5,DER_Age,0.951474401698,0.967277298850575,0.936282941212605,0.955955438136235,0.968744328608014,0.790540540540541
1,5,Gender_F,0.952253712443606,0.967337164750958,0.938770809017753,0.95584458772886,0.969228287390857,0.79222972972973
1,5,DD_Raceth,0.951139375003889,0.966558908045977,0.936175440751889,0.955622886914109,0.968542679115162,0.780405405405405
1,5,RQ7_Ever_Smoked,0.950930167735862,0.967636494252874,0.938601879722342,0.954791508858795,0.966042225403803,0.782094594594595
1,5,RQ8_Smoked_Past_90Days,0.952014707851653,0.967540708812261,0.937634375575895,0.955345760895671,0.969329112137283,0.788851351351351
1,5,RQ11_Liver,0.951491503972403,0.96779214559387,0.93769580441059,0.955105585013025,0.967937730636607,0.783783783783784
1,5,RQ11_Beef,0.95085572583828,0.967636494252874,0.93609865470852,0.953849280396106,0.968603173963018,0.785472972972973
1,5,RQ11_LPCT,0.951332486901275,0.967588601532567,0.938125806253455,0.954311157093502,0.967796575991611,0.790540540540541
1,5,RQ11_Clams,0.951635005758101,0.967696360153257,0.937926162540697,0.955124060080921,0.968179710028029,0.780405405405405
1,5,RQ11_OMSS,0.951530882941651,0.967504789272031,0.938110449044782,0.95458828311194,0.968381359520881,0.785472972972973
1,5,RQ11_OtrFish,0.951810626933091,0.967540708812261,0.937787947662633,0.955050159809337,0.968824988405154,0.787162162162162
1,5,RQ11_Eggs,0.950712317392193,0.967409003831418,0.937142944898335,0.953978605871377,0.9676755862959,0.783783783783784
1,5,RQ11_Dairy,0.953356410239669,0.968007662835249,0.942118680508631,0.955770687457276,0.969429936883709,0.788851351351351
1,5,compositeIronScore,0.950095444301935,0.966606800766284,0.933472572025309,0.955567461710422,0.968078885281603,0.785472972972973
1,5,supp_iron_pct_of_daily,0.951823057268888,0.967564655172414,0.93843295042693,0.955678312117797,0.96826036982517,0.783783783783784
1,5,multivitamins_per_week,0.951615007153375,0.967241379310345,0.938402236009583,0.95468065845142,0.968240204875885,0.785472972972973
1,5,RQ17_NumberOfPeriods,0.952815881623015,0.96768438697318,0.937588303949874,0.956324939494153,0.971002802927951,0.788851351351351
1,5,RQ18_Menstrual_Flow,0.952147200305535,0.967229406130268,0.939815099207568,0.95458828311194,0.969187957492287,0.79222972972973
1,5,menstrual_flow_times_freq,0.950000489677282,0.967157567049808,0.93867866576571,0.952371274964436,0.964892823294549,0.780405405405405
1,5,RQ19_Ever_Pregnant,0.951152269666533,0.967205459770115,0.937142944898335,0.954939309401962,0.967736081143756,0.783783783783784
1,5,RQ20_NumberOfPregnancies,0.951522032492553,0.967313218390805,0.938264021131519,0.953775380124522,0.968764493557299,0.778716216216216
1,5,RQ21_NumberOfLiveBirths,0.950322753203353,0.967672413793103,0.936759014681491,0.955364235963567,0.965517936722389,0.787162162162162
1,5,gender_menstrating_cohorts,0.950414438570363,0.967504789272031,0.938724737391732,0.95235279989654,0.965517936722389,0.782094594594595
1,5,ARUP_Ferritin,0.91437615461747,0.919037356321839,0.93093863259414,0.902377741238199,0.918795749228691,0.692567567567568
1,5,ARUP_STR,0.953789645726531,0.967971743295019,0.939769027581547,0.959354850629076,0.969611421427275,0.783783783783784
1,5,DER_ARUP_log_Ferr,0.957865406983197,0.967708333333333,0.944391547392346,0.96166423411606,0.972978967957896,0.800675675675676
1,5,DER_ARUP_log_STfR_Ferr,0.956180618359678,0.969683908045977,0.947647275631181,0.963271565023001,0.96364259643887,0.788851351351351
1,5,DER_BodyIron,0.955588987706494,0.968247126436782,0.939999385711653,0.959798252258577,0.97424935976286,0.805743243243243
1,5,time_to_fu,0.939141611400304,0.942169540229885,0.92349038638737,0.947660132650987,0.961263132423222,0.731418918918919
2,1,baseline,0.949129027879821,0.957816612524601,0.943118318756074,0.957771820952521,0.959113868671201,0.771428571428571
2,1,DER_RBC_Last12months,0.949160707788165,0.957022265430489,0.945031584062196,0.957276098850659,0.958159328640178,0.773109243697479
2,1,DER_RBC_Last24months,0.949233692025094,0.958646527399047,0.943513119533528,0.955788932545074,0.959113868671201,0.768067226890756
2,1,DER_RBCLoss_mL,0.952153520411123,0.959595001541271,0.950892857142857,0.957771820952521,0.96024738495804,0.784873949579832
2,1,DER_DaysRBCLoss,0.946252496508413,0.953560334811372,0.94817480563654,0.952392318143429,0.9529292447202,0.769747899159664
2,1,DER_DaysDRLoss,0.949163880254099,0.957757332890712,0.943224611273081,0.957845261263908,0.959253072425725,0.773109243697479
2,1,RQ1_Ever_Donated,0.949316012756021,0.957887748085268,0.943330903790087,0.957881981419601,0.95933261742831,0.769747899159664
2,1,cumLifetimeDonations,0.948270121726891,0.957128968771489,0.940126943634597,0.957716740718981,0.959531479934773,0.778151260504202
2,1,FingerstickHGB_equiv,0.943536316413374,0.958101154767268,0.938699586977648,0.959295707413799,0.943920773177425,0.778151260504202
2,1,DD_ABO_RH,0.948820772226666,0.956939273943044,0.942571671525753,0.957918701575295,0.958974664916677,0.778151260504202
2,1,DER_AdjVenousHgb,0.944965311676132,0.958776942593603,0.939428449951409,0.951602834796019,0.951139482162033,0.773109243697479
2,1,DER_Weight,0.948434017409108,0.954022715955706,0.941675777453839,0.957312819006353,0.959193413673786,0.778151260504202
2,1,DER_Height,0.946396572985987,0.958053731060157,0.932534620991254,0.958120662431609,0.959790001193175,0.751260504201681
2,1,BMI,0.947532098579279,0.957449078794489,0.934630102040816,0.959442588036573,0.961122379986477,0.773109243697479
2,1,DER_EBV,0.949730013544405,0.957294951746378,0.947187803692906,0.954375206550876,0.960227498707394,0.771428571428571
2,1,DER_RedCellVolume,0.951852316840072,0.956607307993266,0.948691083576288,0.962416920647744,0.958974664916677,0.771428571428571
2,1,DER_PercentRBCLoss,0.949058327210425,0.957923315865601,0.943482750242954,0.955348290676752,0.959392276180249,0.769747899159664
2,1,DD_Country,0.949282519376731,0.957781044744268,0.943133503401361,0.958010501964528,0.959392276180249,0.773109243697479
2,1,DER_Age,0.949417658530785,0.959014061129158,0.943118318756074,0.956339734880476,0.96040647496321,0.778151260504202
2,1,Gender_F,0.948002142606951,0.957437222867712,0.943027210884354,0.954705687952117,0.959571252436066,0.764705882352941
2,1,DD_Raceth,0.948896046997088,0.957377943233823,0.941144314868805,0.957918701575295,0.960227498707394,0.769747899159664
2,1,RQ7_Ever_Smoked,0.948397826304445,0.958278993668935,0.940795068027211,0.958065582198068,0.957920693632422,0.771428571428571
2,1,RQ8_Smoked_Past_90Days,0.949023000728855,0.957970739572712,0.943649781341108,0.95670693643741,0.959153641172493,0.776470588235294
2,1,RQ11_Liver,0.9491146290345,0.957935171792379,0.943771258503401,0.957845261263908,0.958437736149226,0.776470588235294
2,1,RQ11_Beef,0.95046899651653,0.95927489151827,0.942890549076774,0.960672713252304,0.959312731177664,0.781512605042017
2,1,RQ11_LPCT,0.949344105829502,0.958101154767268,0.94304239552964,0.958249182976536,0.959531479934773,0.768067226890756
2,1,RQ11_Clams,0.949167267820359,0.957899604012046,0.943254980563654,0.95766166048544,0.959471821182834,0.774789915966387
2,1,RQ11_OMSS,0.949511032547607,0.958053731060157,0.944272351797862,0.957790181030368,0.959093982420554,0.776470588235294
2,1,RQ11_OtrFish,0.949645743400816,0.958397552936713,0.943513119533528,0.957845261263908,0.959551366185419,0.771428571428571
2,1,RQ11_Eggs,0.948987489966045,0.957994451426268,0.942799441205053,0.957918701575295,0.958855347412799,0.773109243697479
2,1,RQ11_Dairy,0.949769549575224,0.957947027719157,0.943285349854227,0.958175742665149,0.96008829495287,0.773109243697479
2,1,compositeIronScore,0.949453332676963,0.957449078794489,0.938821064139942,0.959222267102413,0.963468957562741,0.768067226890756
2,1,supp_iron_pct_of_daily,0.949625373463348,0.957567638062267,0.942753887269193,0.958653104689164,0.959889432446407,0.768067226890756
2,1,multivitamins_per_week,0.949544628516453,0.958990349275603,0.943983843537415,0.957202658539272,0.959093982420554,0.773109243697479
2,1,RQ17_NumberOfPeriods,0.94712972692928,0.958207858108268,0.9426324101069,0.95569713215584,0.955395139800342,0.773109243697479
2,1,RQ18_Menstrual_Flow,0.947202586834422,0.957828468451379,0.94551749271137,0.951749715418793,0.955474684802927,0.783193277310924
2,1,menstrual_flow_times_freq,0.948942277313101,0.957520214355156,0.948858114674441,0.94682921455587,0.960366702461918,0.776470588235294
2,1,RQ19_Ever_Pregnant,0.948548303019369,0.957460934721267,0.941508746355685,0.957312819006353,0.959451934932188,0.776470588235294
2,1,RQ20_NumberOfPregnancies,0.9484845522647,0.957164536551822,0.943194241982507,0.955311570521059,0.959611024937358,0.768067226890756
2,1,RQ21_NumberOfLiveBirths,0.948788293766281,0.957698053256823,0.939959912536443,0.958818345389784,0.959611024937358,0.773109243697479
2,1,gender_menstrating_cohorts,0.94951672099075,0.958231569961824,0.946048955296404,0.950941871993537,0.961917830012329,0.766386554621849
2,1,ARUP_Ferritin,0.908214950389067,0.900339079505845,0.937378522837707,0.903022068813572,0.897128425406674,0.648739495798319
2,1,ARUP_STR,0.952448588029031,0.958836222227492,0.94812925170068,0.961590717144641,0.960267271208686,0.778151260504202
2,1,DER_ARUP_log_Ferr,0.958825279386952,0.965226566760724,0.951621720116618,0.966180736606323,0.966630871415503,0.789915966386555
2,1,DER_ARUP_log_STfR_Ferr,0.952896971939463,0.957757332890712,0.95014880952381,0.96805346454669,0.951219027164618,0.773109243697479
2,1,DER_BodyIron,0.953228331351784,0.96029450122116,0.948918853255588,0.956762016670951,0.967068368929722,0.788235294117647
2,1,time_to_fu,0.929518224843881,0.930026320157447,0.923271987366375,0.937080013219256,0.94636678200692,0.707563025210084
2,2,baseline,0.949613523002719,0.963537146457741,0.938258077280129,0.963700255735654,0.957022071375495,0.772727272727273
2,2,DER_RBC_Last12months,0.949664437970111,0.96396514213023,0.941804014670745,0.962228395856714,0.954953507521138,0.779461279461279
2,2,DER_RBC_Last24months,0.951004119236514,0.964119696123073,0.941301800362203,0.963737052232628,0.95732331853875,0.774410774410774
2,2,DER_RBCLoss_mL,0.95163416499077,0.964666579482363,0.942443196517981,0.964804150644859,0.95868897234551,0.777777777777778
2,2,DER_DaysRBCLoss,0.94806954339379,0.960089403540475,0.94282366190324,0.960774934226262,0.951880786455928,0.755892255892256
2,2,DER_DaysDRLoss,0.949632385135374,0.963370703696218,0.938547230972926,0.963258697771972,0.957283152250316,0.772727272727273
2,2,RQ1_Ever_Donated,0.949526232557463,0.963549035226422,0.938197202818488,0.963645060990194,0.956841323077541,0.772727272727273
2,2,cumLifetimeDonations,0.948795523174117,0.961872718842509,0.935244791428876,0.964491380420584,0.957544233125138,0.772727272727273
2,2,FingerstickHGB_equiv,0.950629533867355,0.960029959697074,0.943569374058348,0.96581605431163,0.95268411222461,0.764309764309764
2,2,DD_ABO_RH,0.949912042259902,0.963394481233579,0.939049445281468,0.963921034717495,0.957584399413572,0.774410774410774
2,2,DER_AdjVenousHgb,0.945562196987503,0.963204260934695,0.939597315436242,0.956892903795559,0.948386319362159,0.750841750841751
2,2,DER_Weight,0.948975371306645,0.963608479069823,0.939642971282473,0.964049822456902,0.950936878677726,0.764309764309764
2,2,DER_Height,0.95016724469766,0.963751144293985,0.940145185591015,0.961271686935404,0.958267226316952,0.765993265993266
2,2,BMI,0.949373136335276,0.963549035226422,0.934331674504254,0.966404798263205,0.957483983692487,0.764309764309764
2,2,DER_EBV,0.945318349348951,0.958531974843365,0.944345523444277,0.947160230346071,0.95698190508706,0.769360269360269
2,2,DER_RedCellVolume,0.952929329236495,0.968102433630949,0.941773577439925,0.966349603517745,0.958427891470689,0.781144781144781
2,2,DER_PercentRBCLoss,0.947528695402837,0.963656034144544,0.941103958361868,0.954942689455964,0.956278995039463,0.771043771043771
2,2,DD_Country,0.94986988641668,0.96347770261434,0.938151546972256,0.963994627711442,0.957624565702006,0.776094276094276
2,2,DER_Age,0.952949415446521,0.964666579482363,0.94324978313473,0.966699170238993,0.960014459863836,0.784511784511784
2,2,Gender_F,0.950172140580781,0.96345392507698,0.939460347897548,0.965650470075249,0.956419577048983,0.772727272727273
2,2,DD_Raceth,0.94900392053435,0.962526601119922,0.937010150816479,0.963792246978088,0.957263069106099,0.772727272727273
2,2,RQ7_Ever_Smoked,0.948641553341852,0.963418258770939,0.936827527431554,0.962945927547697,0.95609824674151,0.765993265993266
2,2,RQ8_Smoked_Past_90Days,0.949427770221115,0.963881920749468,0.938105891126025,0.963994627711442,0.956519992770068,0.769360269360269
2,2,RQ11_Liver,0.94980059131575,0.963560923995102,0.938623324049978,0.963700255735654,0.957202819673448,0.771043771043771
2,2,RQ11_Beef,0.949561556633448,0.963917587055509,0.93952122235919,0.963405883759866,0.956158496174161,0.776094276094276
2,2,RQ11_LPCT,0.950128791358054,0.964024585973631,0.938653761280799,0.964785752396372,0.957222902817665,0.776094276094276
2,2,RQ11_Clams,0.950297392773442,0.963703589219265,0.939003789435237,0.963626662741707,0.958508224047557,0.777777777777778
2,2,RQ11_OMSS,0.949590061519792,0.963763033062666,0.937771081586997,0.963884238220521,0.957062237663929,0.772727272727273
2,2,RQ11_OtrFish,0.949574493438604,0.962728710187486,0.938486356511285,0.963921034717495,0.957343401682967,0.774410774410774
2,2,RQ11_Eggs,0.948530226894597,0.963774921831346,0.938227640049308,0.961547660662705,0.95595766473199,0.777777777777778
2,2,RQ11_Dairy,0.949882574441221,0.962847597874288,0.938258077280129,0.964564973414531,0.957524149980921,0.781144781144781
2,2,compositeIronScore,0.950945129238349,0.963335037390177,0.94157573543959,0.962136404614281,0.958608639768642,0.774410774410774
2,2,supp_iron_pct_of_daily,0.949335764242695,0.963037818173172,0.937786300202408,0.963773848729601,0.956740907356456,0.769360269360269
2,2,multivitamins_per_week,0.949677006187706,0.96293081925505,0.938745072973261,0.963921034717495,0.957202819673448,0.774410774410774
2,2,RQ17_NumberOfPeriods,0.949741269396918,0.963358814927538,0.939795157436576,0.961731643147572,0.957986062297913,0.784511784511784
2,2,RQ18_Menstrual_Flow,0.944803197602868,0.962062939141393,0.938151546972256,0.947969753279488,0.957604482557789,0.776094276094276
2,2,menstrual_flow_times_freq,0.949880428362,0.964298027653276,0.939582096820831,0.962007616874874,0.956941738798626,0.772727272727273
2,2,RQ19_Ever_Pregnant,0.950009444667187,0.963715477987945,0.938653761280799,0.964546575166044,0.957062237663929,0.771043771043771
2,2,RQ20_NumberOfPregnancies,0.949539634094188,0.963763033062666,0.938729854357851,0.962927529299211,0.957022071375495,0.769360269360269
2,2,RQ21_NumberOfLiveBirths,0.94981087062378,0.963156705859974,0.938577668203747,0.965944842051037,0.955556001847649,0.776094276094276
2,2,gender_menstrating_cohorts,0.95088757756307,0.96448824795216,0.941043083900227,0.963626662741707,0.957343401682967,0.765993265993266
2,2,ARUP_Ferritin,0.930454302804589,0.941269482719675,0.941408330670076,0.954685113977149,0.898660454280722,0.732323232323232
2,2,ARUP_STR,0.950587290620489,0.962253159440277,0.94239754067175,0.961308483432377,0.95937179924889,0.767676767676768
2,2,DER_ARUP_log_Ferr,0.955012829366892,0.964856799781247,0.948484986835898,0.968925358305889,0.957162653385014,0.777777777777778
2,2,DER_ARUP_log_STfR_Ferr,0.957292551529963,0.969279421730291,0.952046142841924,0.972273839530477,0.953889100877633,0.796296296296296
2,2,DER_BodyIron,0.955004862631364,0.965819790044345,0.941027865284816,0.971832281566795,0.962705601188922,0.782828282828283
2,2,time_to_fu,0.936622491134156,0.939486167417641,0.921106697712642,0.950987066031314,0.951800453879059,0.728956228956229
2,3,baseline,0.960941299700472,0.970016690510253,0.948515215592535,0.970648967551622,0.973999839008291,0.812816188870152
2,3,DER_RBC_Last12months,0.960507488720024,0.969766332856462,0.949649106677699,0.970132743362832,0.972108186428399,0.81787521079258
2,3,DER_RBC_Last24months,0.96126251989601,0.970004768717215,0.948515215592535,0.969745575221239,0.974321822426145,0.814502529510961
2,3,DER_RBCLoss_mL,0.962128768806407,0.971530758226037,0.950737029205357,0.970851769911504,0.974663929807615,0.812816188870152
2,3,DER_DaysRBCLoss,0.956949644858009,0.968323795898903,0.950062823695259,0.969339970501475,0.962428559929164,0.801011804384486
2,3,DER_DaysDRLoss,0.960844505972103,0.97002861230329,0.948499892740032,0.970575221238938,0.97385897126298,0.812816188870152
2,3,RQ1_Ever_Donated,0.961125310360712,0.969969003338102,0.948530538445037,0.970907079646018,0.974301698462529,0.812816188870152
2,3,cumLifetimeDonations,0.961255415749466,0.969206008583691,0.949419263890166,0.970630530973451,0.975106657007164,0.814502529510961
2,3,FingerstickHGB_equiv,0.953214443309538,0.967131616595136,0.936716619165824,0.972234513274336,0.959993560331643,0.790893760539629
2,3,DD_ABO_RH,0.961367561800808,0.969575584167859,0.949603138120192,0.971497050147493,0.974301698462529,0.809443507588533
2,3,DER_AdjVenousHgb,0.96028231938467,0.969694802098236,0.953617725475775,0.965597345132743,0.971202608065685,0.802698145025295
2,3,DER_Weight,0.96069970505802,0.969504053409633,0.94641598479973,0.972234513274336,0.973114384609193,0.816188870151771
2,3,DER_Height,0.958792012046284,0.969432522651407,0.941466703441513,0.971238938053097,0.973476615954278,0.811129848229342
2,3,BMI,0.961204964246246,0.96915832141154,0.947212773129846,0.972492625368732,0.975831119697336,0.814502529510961
2,3,DER_EBV,0.960437479671791,0.965593705293276,0.95069106064785,0.966482300884956,0.976555582387507,0.814502529510961
2,3,DER_RedCellVolume,0.964107593217645,0.972103004291845,0.950813643467868,0.979148230088496,0.973597359735974,0.812816188870152
2,3,DER_PercentRBCLoss,0.960377702500583,0.969337148307105,0.947886978639944,0.965818584070796,0.976253722933269,0.802698145025295
2,3,DD_Country,0.961002095122669,0.970171673819742,0.948699089822561,0.971810471976401,0.972993640827497,0.816188870151771
2,3,DER_Age,0.960421016588097,0.969873628993801,0.946952284637308,0.970317109144543,0.974281574498913,0.819561551433389
2,3,Gender_F,0.960289807307093,0.96911063423939,0.948699089822561,0.968215339233038,0.974563309989536,0.811129848229342
2,3,DD_Raceth,0.96169586897171,0.970577014783023,0.949526523857681,0.97061209439528,0.975348144570555,0.816188870151771
2,3,RQ7_Ever_Smoked,0.961313914740945,0.969778254649499,0.949649106677699,0.970335545722714,0.974965789261853,0.819561551433389
2,3,RQ8_Smoked_Past_90Days,0.960781627685744,0.969992846924177,0.948178112837486,0.970722713864307,0.973919343153828,0.807757166947723
2,3,RQ11_Liver,0.961341889169232,0.970255126371006,0.948990224020104,0.97077802359882,0.97454318602592,0.81787521079258
2,3,RQ11_Beef,0.960351007539864,0.97033857892227,0.947580521589899,0.968362831858407,0.974965789261853,0.811129848229342
2,3,RQ11_LPCT,0.960561823056376,0.969647114926085,0.948699089822561,0.969358407079646,0.973959591081059,0.806070826306914
2,3,RQ11_Clams,0.960388711158874,0.970112064854554,0.947044221752321,0.970575221238938,0.973718103517669,0.811129848229342
2,3,RQ11_OMSS,0.961268288768651,0.970362422508345,0.94917409825013,0.970962389380531,0.973818723335748,0.811129848229342
2,3,RQ11_OtrFish,0.961127308871452,0.970374344301383,0.949005546872606,0.970925516224189,0.973798599372132,0.811129848229342
2,3,RQ11_Eggs,0.960526992605099,0.970910824988078,0.947626490147406,0.968731563421829,0.974623681880383,0.801011804384486
2,3,RQ11_Dairy,0.961010203997897,0.969527896995708,0.948959578315099,0.970538348082596,0.974402318280609,0.81787521079258
2,3,compositeIronScore,0.960493032303381,0.96967095851216,0.944561919646961,0.969653392330384,0.976173227078805,0.811129848229342
2,3,supp_iron_pct_of_daily,0.959878935306327,0.969885550786838,0.946676473292268,0.970317109144543,0.972893021009418,0.809443507588533
2,3,multivitamins_per_week,0.961401924122783,0.970004768717215,0.948162789984984,0.971404867256637,0.974925541334621,0.812816188870152
2,3,RQ17_NumberOfPeriods,0.960155732800027,0.969682880305198,0.946461953357237,0.970169616519174,0.974140706753602,0.806070826306914
2,3,RQ18_Menstrual_Flow,0.957227376463914,0.967167381974249,0.947687781557415,0.962260324483776,0.970780004829751,0.806070826306914
2,3,menstrual_flow_times_freq,0.961690170286268,0.97018359561278,0.949955563727744,0.971386430678466,0.973637607663205,0.809443507588533
2,3,RQ19_Ever_Pregnant,0.960899181156382,0.969897472579876,0.948867641200086,0.970759587020649,0.973697979554053,0.811129848229342
2,3,RQ20_NumberOfPregnancies,0.96116000043759,0.969814020028612,0.949480555300175,0.970501474926254,0.974382194316993,0.821247892074199
2,3,RQ21_NumberOfLiveBirths,0.959993941861657,0.970755841678588,0.946676473292268,0.970058997050148,0.972973516863882,0.807757166947723
2,3,gender_menstrating_cohorts,0.961679747809142,0.97054124940391,0.94986362661273,0.969524336283186,0.975489012315866,0.806070826306914
2,3,ARUP_Ferritin,0.92611885513024,0.919551740581783,0.946339370537219,0.922713864306785,0.92986798679868,0.694772344013491
2,3,ARUP_STR,0.963716552212938,0.969611349546972,0.952468511538108,0.973064159292035,0.976314094824117,0.821247892074199
2,3,DER_ARUP_log_Ferr,0.967189642778167,0.970243204577969,0.952514480095615,0.977175516224189,0.981083474201079,0.821247892074199
2,3,DER_ARUP_log_STfR_Ferr,0.965223710274412,0.969289461134955,0.960175906346725,0.975258112094395,0.970558641229977,0.819561551433389
2,3,DER_BodyIron,0.962829202712344,0.970314735336195,0.951411234715455,0.975294985250737,0.97283264911857,0.821247892074199
2,3,time_to_fu,0.948814550525357,0.948152122079161,0.932349606202691,0.957853982300885,0.972752153264107,0.75885328836425
2,4,baseline,0.955621133179142,0.973802681992337,0.948261563978131,0.96524839728786,0.95906515295114,0.798986486486487
2,4,DER_RBC_Last12months,0.956482822922844,0.973323754789272,0.951732293138399,0.965470098102611,0.958056905486883,0.805743243243243
2,4,DER_RBC_Last24months,0.954622140865835,0.973623084291188,0.945082621782665,0.964546344707817,0.958944163255429,0.790540540540541
2,4,DER_RBCLoss_mL,0.957927892356686,0.973958333333333,0.950964432704712,0.969331387292848,0.960759008691093,0.793918918918919
2,4,DER_DaysRBCLoss,0.95150773752016,0.971204501915709,0.949413354628663,0.961387108097622,0.949224657699986,0.780405405405405
2,4,DER_DaysDRLoss,0.955402547759082,0.97382662835249,0.948123349100068,0.964841945794151,0.958944163255429,0.800675675675676
2,4,RQ1_Ever_Donated,0.955927835935585,0.97393438697318,0.948169420726089,0.965858074528424,0.959468451936843,0.800675675675676
2,4,cumLifetimeDonations,0.954932551985672,0.97397030651341,0.946326555685239,0.965710273985257,0.959387792139703,0.795608108108108
2,4,FingerstickHGB_equiv,0.951944184062135,0.972784961685824,0.94280975489895,0.96735455502799,0.950313564961384,0.785472972972973
2,4,DD_ABO_RH,0.956162438691783,0.974317528735632,0.94882978069906,0.965414672898923,0.959428122038273,0.804054054054054
2,4,DER_AdjVenousHgb,0.95800916550672,0.975059865900383,0.953774801892008,0.968684759916493,0.956383214696215,0.804054054054054
2,4,DER_Weight,0.955331060825482,0.971288314176245,0.948630136986301,0.964269218689379,0.95839970962473,0.793918918918919
2,4,DER_Height,0.954735107017741,0.972617337164751,0.949874070888875,0.959003824339054,0.960496864350386,0.800675675675676
2,4,BMI,0.956869410375644,0.973587164750958,0.949720498802138,0.964971271269422,0.961706761307495,0.798986486486487
2,4,DER_EBV,0.953007211445172,0.969947318007663,0.933964002702869,0.968592384577013,0.963319957250308,0.777027027027027
2,4,DER_RedCellVolume,0.955704857733496,0.973491379310345,0.944867620861232,0.972195022816709,0.955939585811942,0.797297297297297
2,4,DER_PercentRBCLoss,0.955024172252074,0.974161877394636,0.950150500645003,0.962477137103479,0.959367627190418,0.793918918918919
2,4,DD_Country,0.956308649050756,0.973886494252874,0.949643712758769,0.965654848781569,0.959367627190418,0.797297297297297
2,4,DER_Age,0.955493931766327,0.973120210727969,0.946403341728607,0.965377722763131,0.960073400415398,0.798986486486487
2,4,Gender_F,0.956414149111507,0.973778735632184,0.947908348178635,0.96704047887376,0.960436369502531,0.802364864864865
2,4,DD_Raceth,0.957113864017755,0.974712643678161,0.949244425333251,0.966800302991114,0.960738843741808,0.798986486486487
2,4,RQ7_Ever_Smoked,0.954627293083092,0.97400622605364,0.945451194790835,0.965340772627339,0.958460204472586,0.795608108108108
2,4,RQ8_Smoked_Past_90Days,0.955705796087612,0.97379070881226,0.948077277474046,0.965285347423652,0.959307132342562,0.800675675675676
2,4,RQ11_Liver,0.955225610129098,0.973778735632184,0.947662632839855,0.964915846065734,0.958782843661148,0.797297297297297
2,4,RQ11_Beef,0.957021287074218,0.974377394636015,0.950119786227655,0.964287693757275,0.961706761307495,0.800675675675676
2,4,RQ11_LPCT,0.955461125156057,0.973443486590038,0.948599422568954,0.964675670183088,0.958883668407574,0.800675675675676
2,4,RQ11_Clams,0.956200148757388,0.973611111111111,0.94821549235211,0.966744877787426,0.959448286987558,0.804054054054054
2,4,RQ11_OMSS,0.955802668808961,0.97379070881226,0.948154063517415,0.965599423577882,0.959347462241132,0.802364864864865
2,4,RQ11_OtrFish,0.955684038473103,0.97404214559387,0.947754776091898,0.965525523306298,0.959105482849711,0.798986486486487
2,4,RQ11_Eggs,0.955589685059025,0.973682950191571,0.948230849560784,0.96493432113363,0.959387792139703,0.800675675675676
2,4,RQ11_Dairy,0.955549543636639,0.973802681992337,0.9483383500215,0.965543998374194,0.958480369421871,0.798986486486487
2,4,compositeIronScore,0.955489095782815,0.973706896551724,0.947447631918423,0.965045171541005,0.959569276683269,0.802364864864865
2,4,supp_iron_pct_of_daily,0.955062498186668,0.973730842911877,0.94723263099699,0.964804995658359,0.959004658103285,0.798986486486487
2,4,multivitamins_per_week,0.956161094428915,0.97290469348659,0.948399778856195,0.966283001090029,0.95969026637898,0.793918918918919
2,4,RQ17_NumberOfPeriods,0.955255899156618,0.973443486590038,0.945190122243381,0.963659541448815,0.961666431408925,0.798986486486487
2,4,RQ18_Menstrual_Flow,0.952740190311131,0.97411398467433,0.948399778856195,0.959835202394369,0.9564033796455,0.793918918918919
2,4,menstrual_flow_times_freq,0.955217961023323,0.97389846743295,0.946756557528104,0.967206754484823,0.956786513681918,0.797297297297297
2,4,RQ19_Ever_Pregnant,0.955724893199824,0.973527298850575,0.948246206769458,0.96578417425684,0.959085317900426,0.798986486486487
2,4,RQ20_NumberOfPregnancies,0.954929784994303,0.973144157088123,0.947432274709749,0.964435494300442,0.958863503458289,0.797297297297297
2,4,RQ21_NumberOfLiveBirths,0.957020043911299,0.973730842911877,0.94784691934394,0.967206754484823,0.96164626645964,0.804054054054054
2,4,gender_menstrating_cohorts,0.954483100411811,0.973778735632184,0.94526690828675,0.967095904077447,0.956282389949789,0.787162162162162
2,4,ARUP_Ferritin,0.923401236525933,0.930998563218391,0.944069046010197,0.900253108430173,0.928958883668408,0.690878378378378
2,4,ARUP_STR,0.956099458596793,0.973120210727969,0.950089071810308,0.965931974800007,0.959266802443992,0.795608108108108
2,4,DER_ARUP_log_Ferr,0.962224176315387,0.976053639846743,0.955203022298667,0.968610859644909,0.966042225403803,0.824324324324324
2,4,DER_ARUP_log_STfR_Ferr,0.959337535204166,0.974209770114942,0.955203022298667,0.967373030095886,0.960698513843238,0.793918918918919
2,4,DER_BodyIron,0.959934995810728,0.975490900383142,0.949889428097549,0.969275962089161,0.968139380129459,0.815878378378378
2,4,time_to_fu,0.941137955577843,0.94797653256705,0.925962896983844,0.950837844329078,0.959932245770402,0.738175675675676
2,5,baseline,0.958304029868648,0.973922413793103,0.956554456661957,0.961036081807601,0.961847915952491,0.79222972972973
2,5,DER_RBC_Last12months,0.95843948763363,0.973215996168582,0.957168745008907,0.961313207826039,0.961908410800347,0.79222972972973
2,5,DER_RBC_Last24months,0.956692989885914,0.972892720306513,0.954035874439462,0.960832856060746,0.959327297291847,0.778716216216216
2,5,DER_RBCLoss_mL,0.960595223965265,0.97485632183908,0.962958412678911,0.961738134387644,0.962331874735335,0.798986486486487
2,5,DER_DaysRBCLoss,0.956271756407345,0.970067049808429,0.956861600835432,0.960740480721267,0.957996410639027,0.780405405405405
2,5,DER_DaysDRLoss,0.958429110553737,0.974125957854406,0.956646599914,0.961294732758143,0.961928575749632,0.79222972972973
2,5,RQ1_Ever_Donated,0.958249469524038,0.973838601532567,0.95640088457522,0.961091507011288,0.961888245851062,0.788851351351351
2,5,cumLifetimeDonations,0.957240412053284,0.973407567049808,0.955679095767553,0.959816727326473,0.962291544836765,0.787162162162162
2,5,FingerstickHGB_equiv,0.954051973581039,0.969719827586207,0.952653725658824,0.961645759048165,0.954084410477708,0.773648648648649
2,5,DD_ABO_RH,0.958257138030656,0.973419540229885,0.956969101296148,0.95996452786964,0.962614184025327,0.795608108108108
2,5,DER_AdjVenousHgb,0.961585561131295,0.975287356321839,0.967028072977456,0.961885934930811,0.961525276763929,0.788851351351351
2,5,DER_Weight,0.957682357009784,0.97485632183908,0.951609435469009,0.964583294843608,0.960416204553246,0.780405405405405
2,5,DER_Height,0.954901237946937,0.973443486590038,0.955156950672646,0.950726993921703,0.961948740698917,0.785472972972973
2,5,BMI,0.955457328411044,0.975538793103448,0.958151606364027,0.948011158941009,0.960759008691093,0.798986486486487
2,5,DER_EBV,0.960628775567914,0.973359674329502,0.958320535659439,0.964380069096754,0.964489524308846,0.802364864864865
2,5,DER_RedCellVolume,0.962102924278919,0.977011494252874,0.956431598992567,0.967705581318011,0.96567925631667,0.814189189189189
2,5,DER_PercentRBCLoss,0.955558365415602,0.971934865900383,0.952484796363413,0.956047813475715,0.961242967473937,0.778716216216216
2,5,DD_Country,0.958102012984238,0.97400622605364,0.956585171079305,0.961036081807601,0.961202637575367,0.79222972972973
2,5,DER_Age,0.958173475559001,0.973527298850575,0.954865163707844,0.961738134387644,0.96293682321389,0.797297297297297
2,5,Gender_F,0.958247555523075,0.973874521072797,0.956677314331347,0.960777430857058,0.961868080901777,0.798986486486487
2,5,DD_Raceth,0.958888865699851,0.973503352490421,0.957859819399226,0.961775084523436,0.962392369583191,0.790540540540541
2,5,RQ7_Ever_Smoked,0.958368696112477,0.973922413793103,0.955970882732355,0.960869806196538,0.963400617047448,0.795608108108108
2,5,RQ8_Smoked_Past_90Days,0.958629429217674,0.973922413793103,0.956431598992567,0.961479483437102,0.962089895343913,0.79222972972973
2,5,RQ11_Liver,0.958437801484792,0.974305555555556,0.956446956201241,0.961091507011288,0.962130225242483,0.787162162162162
2,5,RQ11_Beef,0.958228495703594,0.973982279693487,0.956661957122673,0.960001478005432,0.962654513923897,0.782094594594595
2,5,RQ11_LPCT,0.958168474021626,0.973635057471264,0.955771239019596,0.961627283980269,0.962392369583191,0.783783783783784
2,5,RQ11_Clams,0.958421285331419,0.973682950191571,0.956615885496652,0.961424058233414,0.962170555141054,0.787162162162162
2,5,RQ11_OMSS,0.958396475533146,0.9740780651341,0.956708028748695,0.960795905924954,0.962150390191769,0.79222972972973
2,5,RQ11_OtrFish,0.958476128281645,0.973551245210728,0.956830886418085,0.96112845714708,0.962291544836765,0.790540540540541
2,5,RQ11_Eggs,0.958463638665493,0.97400622605364,0.957122673382886,0.961239307554455,0.961706761307495,0.79222972972973
2,5,RQ11_Dairy,0.958643022741803,0.973718869731801,0.956846243626758,0.961719659319748,0.962412534532476,0.793918918918919
2,5,compositeIronScore,0.959745934162706,0.974221743295019,0.957276245469623,0.959040774474846,0.967171462563772,0.798986486486487
2,5,supp_iron_pct_of_daily,0.95728717800136,0.973647030651341,0.954941949751213,0.961073031943392,0.960940493234659,0.790540540540541
2,5,multivitamins_per_week,0.958529172558142,0.97304837164751,0.957783033355857,0.96081438099285,0.962130225242483,0.797297297297297
2,5,RQ17_NumberOfPeriods,0.958331649124579,0.973287835249042,0.955771239019596,0.960241653888078,0.963198967554597,0.79222972972973
2,5,RQ18_Menstrual_Flow,0.957627035936556,0.973946360153257,0.95627802690583,0.960722005653371,0.960375874654675,0.790540540540541
2,5,menstrual_flow_times_freq,0.958299274721982,0.974209770114943,0.957168745008907,0.961109982079184,0.961384122118933,0.787162162162162
2,5,RQ19_Ever_Pregnant,0.958872112856191,0.973754789272031,0.957399103139013,0.961719659319748,0.962170555141054,0.795608108108108
2,5,RQ20_NumberOfPregnancies,0.957473321547002,0.97389846743295,0.955341237176731,0.960112328412807,0.96160593656107,0.797297297297297
2,5,RQ21_NumberOfLiveBirths,0.959795093528137,0.972964559386973,0.958059463111985,0.962144585881353,0.963985400576718,0.788851351351351
2,5,gender_menstrating_cohorts,0.958363413478441,0.974066091954023,0.957399103139013,0.961017606739705,0.961404287068218,0.793918918918919
2,5,ARUP_Ferritin,0.926365965168737,0.920150862068966,0.953636587013944,0.876032294418682,0.949970760823536,0.712837837837838
2,5,ARUP_STR,0.960811072357481,0.974149904214559,0.961284476933473,0.963862767195669,0.962372204633905,0.795608108108108
2,5,DER_ARUP_log_Ferr,0.96278300078943,0.976568486590038,0.960055900239572,0.963326990226689,0.967554596600189,0.819256756756757
2,5,DER_ARUP_log_STfR_Ferr,0.962806847659185,0.974868295019157,0.96291234105289,0.968352208694367,0.963219132503882,0.800675675675676
2,5,DER_BodyIron,0.963228481657384,0.97599377394636,0.962113766201855,0.965433147966819,0.96622370994737,0.817567567567568
2,5,time_to_fu,0.940304028656311,0.945893199233717,0.937665089993243,0.940344005764221,0.95769393639975,0.719594594594595
3,1,baseline,0.949515565908336,0.968676641453062,0.935951166180758,0.963426724929314,0.955236049795172,0.79327731092437
3,1,DER_RBC_Last12months,0.951211401040343,0.968901904061841,0.938881802721088,0.964454889288731,0.956926381100107,0.791596638655462
3,1,DER_RBC_Last24months,0.951298382419042,0.968534370331729,0.938942541302235,0.964840450923512,0.955852523565207,0.796638655462185
3,1,DER_RBCLoss_mL,0.951517306421642,0.969162734450952,0.939261418853256,0.965483053648147,0.956767291094937,0.803361344537815
3,1,DER_DaysRBCLoss,0.944672335534203,0.963554881085054,0.935966350826045,0.961462196599714,0.944338384440997,0.763025210084034
3,1,DER_DaysDRLoss,0.949532943228228,0.968617361819173,0.935966350826045,0.963371644695774,0.955295708547111,0.79327731092437
3,1,RQ1_Ever_Donated,0.950444229793318,0.968949327768952,0.935875242954325,0.964840450923512,0.956369566082011,0.79327731092437
3,1,cumLifetimeDonations,0.949243093112516,0.967170938752282,0.933977162293489,0.964142767965336,0.95712524360657,0.781512605042017
3,1,FingerstickHGB_equiv,0.943041129078604,0.965238422687501,0.927629980563654,0.965519773803841,0.941792944358271,0.757983193277311
3,1,DD_ABO_RH,0.95100163980498,0.968807056647618,0.936619290573372,0.965868615282929,0.956886608598815,0.789915966386555
3,1,DER_AdjVenousHgb,0.946717616659554,0.968273539942617,0.935298226433431,0.964381448977344,0.94330429940739,0.773109243697479
3,1,DER_Weight,0.949081212280744,0.96820240438195,0.930818756073858,0.965281092791833,0.956250248578133,0.779831932773109
3,1,DER_Height,0.949310346899467,0.96879520072084,0.932853498542274,0.961241875665553,0.95879568866086,0.79327731092437
3,1,BMI,0.951557283418683,0.969352429279397,0.935586734693878,0.965831895127235,0.959730342441236,0.789915966386555
3,1,DER_EBV,0.949654611486941,0.965321414174946,0.941417638483965,0.95558697168876,0.960724654973551,0.783193277310924
3,1,DER_RedCellVolume,0.950362551408112,0.96766888767695,0.93763666180758,0.961645797378181,0.957960466133715,0.794957983193277
3,1,DER_PercentRBCLoss,0.945849981317471,0.969032319256396,0.929862123420797,0.959589468659347,0.953565604740882,0.776470588235294
3,1,DD_Country,0.949363966407711,0.968676641453062,0.936133381924198,0.96344508500716,0.954679234777075,0.79327731092437
3,1,DER_Age,0.950743143464145,0.968735921086951,0.938198493683188,0.965005691624133,0.956130931074255,0.8
3,1,Gender_F,0.950030987238857,0.968510658478173,0.936011904761905,0.964161128043183,0.956488883585889,0.8
3,1,DD_Raceth,0.949885094968351,0.968759632940507,0.93731778425656,0.964124407887489,0.95459968977449,0.791596638655462
3,1,RQ7_Ever_Smoked,0.949611683034801,0.968759632940507,0.935920796890185,0.963243124150846,0.955951954818439,0.79327731092437
3,1,RQ8_Smoked_Past_90Days,0.949228190185177,0.968901904061841,0.935753765792031,0.963151323761613,0.954639462275783,0.79327731092437
3,1,RQ11_Liver,0.94976869656206,0.968878192208285,0.935784135082604,0.962986083060992,0.956468997335242,0.798319327731092
3,1,RQ11_Beef,0.949943269790645,0.968083845114173,0.93497934888241,0.965024051701979,0.956409338583303,0.789915966386555
3,1,RQ11_LPCT,0.949090824457787,0.968510658478173,0.935146379980564,0.962618881504058,0.955255936045818,0.788235294117647
3,1,RQ11_Clams,0.949263760475261,0.968403955137173,0.935829689018465,0.962857562516065,0.955315594797757,0.794957983193277
3,1,RQ11_OMSS,0.950013899745017,0.968676641453062,0.936512998056365,0.96333492454008,0.956349679831365,0.79327731092437
3,1,RQ11_OtrFish,0.950002472197221,0.969008607402841,0.936695213799806,0.963169683839459,0.956031499821024,0.788235294117647
3,1,RQ11_Eggs,0.94947264083363,0.968676641453062,0.935222303206997,0.962251679947123,0.956667859841705,0.789915966386555
3,1,RQ11_Dairy,0.950117272443981,0.968996751476063,0.936543367346939,0.96417948812103,0.956091158572963,0.794957983193277
3,1,compositeIronScore,0.94802368578054,0.96847509069784,0.931927235179786,0.959607828737194,0.957582627371435,0.805042016806723
3,1,supp_iron_pct_of_daily,0.948905495579674,0.96868849737984,0.935085641399417,0.963738846252708,0.954201964761564,0.8
3,1,multivitamins_per_week,0.950909093048388,0.968878192208285,0.938244047619048,0.963077883450226,0.957801376128545,0.796638655462185
3,1,RQ17_NumberOfPeriods,0.949573866540045,0.968807056647618,0.936224489795918,0.963591965629934,0.955057073539355,0.79327731092437
3,1,RQ18_Menstrual_Flow,0.946798254161832,0.969222014084841,0.936285228377065,0.953659163514853,0.955713319810683,0.788235294117647
3,1,menstrual_flow_times_freq,0.950911510024564,0.968878192208285,0.938441448007775,0.964454889288731,0.955554229805513,0.784873949579832
3,1,RQ19_Ever_Pregnant,0.949856298544249,0.968629217745951,0.936391520894072,0.963738846252708,0.95551445730422,0.791596638655462
3,1,RQ20_NumberOfPregnancies,0.949125171061331,0.968569938112062,0.935100826044704,0.962802482282525,0.955812751063914,0.791596638655462
3,1,RQ21_NumberOfLiveBirths,0.950044677245225,0.968759632940507,0.936452259475219,0.963500165240701,0.956608201089767,0.796638655462185
3,1,gender_menstrating_cohorts,0.951471489841289,0.96836838735684,0.938244047619048,0.967557742444828,0.954619576025136,0.794957983193277
3,1,ARUP_Ferritin,0.920648438814336,0.936215113935456,0.931486880466472,0.919656299342709,0.914349918466372,0.700840336134454
3,1,ARUP_STR,0.95187274820462,0.968818912574396,0.939276603498542,0.966786619175265,0.957403651115619,0.794957983193277
3,1,DER_ARUP_log_Ferr,0.95663057593934,0.967408057287838,0.941675777453839,0.968237065325157,0.966710416418089,0.803361344537815
3,1,DER_ARUP_log_STfR_Ferr,0.949383162053609,0.971237521637066,0.94299684159378,0.970311754121837,0.938611144254862,0.783193277310924
3,1,DER_BodyIron,0.955021362489316,0.97089369976051,0.938244047619048,0.966419417618331,0.966292805154516,0.798319327731092
3,1,time_to_fu,0.931641690399008,0.937317715125791,0.917881438289602,0.940164506297507,0.950284373384242,0.717647058823529
3,2,baseline,0.960643427303259,0.969410198185774,0.957174816235219,0.968594189833128,0.966822645753419,0.823232323232323
3,2,DER_RBC_Last12months,0.96125379423374,0.969315088036332,0.958620584699204,0.969845270730227,0.966360733436427,0.823232323232323
3,2,DER_RBC_Last24months,0.960976045279979,0.970004636619785,0.958544491622152,0.966423196511692,0.967525555801016,0.816498316498317
3,2,DER_RBCLoss_mL,0.963209276379103,0.97078929535268,0.960385944086807,0.971685095578901,0.968569879300303,0.821548821548822
3,2,DER_DaysRBCLoss,0.959791054179772,0.966509338627798,0.957463969928016,0.969698084742333,0.964513084168457,0.80976430976431
3,2,DER_DaysDRLoss,0.961028902100517,0.969469642029175,0.957540063005068,0.968796570566482,0.967425140079931,0.824915824915825
3,2,RQ1_Ever_Donated,0.960472672986902,0.969017868819326,0.95722047208145,0.968336614354314,0.966742313176551,0.81986531986532
3,2,cumLifetimeDonations,0.959082003845677,0.967068110755769,0.95227442207308,0.969403712766545,0.967284558070411,0.811447811447811
3,2,FingerstickHGB_equiv,0.954170077465952,0.965879233887746,0.949124168683133,0.967876658142145,0.954692426646316,0.779461279461279
3,2,DD_ABO_RH,0.960988300336714,0.96920808911821,0.9584683985451,0.967747870402738,0.967786636675838,0.818181818181818
3,2,DER_AdjVenousHgb,0.960876242043828,0.970991404420244,0.961907805627844,0.969606093499899,0.960697286767216,0.816498316498317
3,2,DER_Weight,0.961571724134737,0.96869687206496,0.954952898385305,0.973432929185142,0.965858654831,0.818181818181818
3,2,DER_Height,0.96105021899648,0.971348067480651,0.957600937466709,0.965687266572222,0.968308798425481,0.824915824915825
3,2,BMI,0.959233842734474,0.969053535125367,0.957692249159172,0.960572553492907,0.969112124194164,0.81986531986532
3,2,DER_EBV,0.957331497314488,0.963549035226422,0.944999923906923,0.974003274888231,0.967927218685357,0.787878787878788
3,2,DER_RedCellVolume,0.966072381196531,0.971978172220703,0.958072714544431,0.977885305318934,0.971381519490691,0.824915824915825
3,2,DER_PercentRBCLoss,0.958983624862559,0.966319118328915,0.959564138854647,0.95954225157765,0.968529713011869,0.813131313131313
3,2,DD_Country,0.960484925485482,0.969469642029175,0.957129160388988,0.968428605596747,0.966420982869078,0.821548821548822
3,2,DER_Age,0.960809220716711,0.969005980050646,0.956961755619474,0.968612588081615,0.968067800694877,0.816498316498317
3,2,Gender_F,0.960481415483061,0.969540974641256,0.956976974234884,0.96898055305135,0.966240234571125,0.81986531986532
3,2,DD_Raceth,0.961062824520509,0.969683639865419,0.958300993775586,0.968428605596747,0.967304641214629,0.821548821548822
3,2,RQ7_Ever_Smoked,0.959845689771047,0.969136756506129,0.956094294541083,0.967067135208728,0.967063643484024,0.81986531986532
3,2,RQ8_Smoked_Past_90Days,0.96051925806306,0.969374531879733,0.956718257772908,0.968373410851287,0.966983310907156,0.821548821548822
3,2,RQ11_Liver,0.960745720690534,0.969588529715977,0.95722047208145,0.968943756554376,0.9666820637439,0.81986531986532
3,2,RQ11_Beef,0.960070148936465,0.969600418484658,0.956855225311601,0.967306312439056,0.966561564878597,0.816498316498317
3,2,RQ11_LPCT,0.9606120127283,0.969315088036332,0.957585718851299,0.968759774069509,0.966420982869078,0.818181818181818
3,2,RQ11_Clams,0.961225491015315,0.969885748932983,0.957844435313275,0.968373410851287,0.968650211877171,0.82996632996633
3,2,RQ11_OMSS,0.960479555490889,0.969172422812169,0.957296565158502,0.967747870402738,0.96688289518607,0.818181818181818
3,2,RQ11_OtrFish,0.961106901325275,0.970194856918669,0.957174816235219,0.969422111015031,0.966902978330287,0.824915824915825
3,2,RQ11_Eggs,0.960608805014579,0.969386420648413,0.956261699310597,0.96818942836642,0.96804771755066,0.821548821548822
3,2,RQ11_Dairy,0.960995949647789,0.969386420648413,0.957068285927346,0.968962154802863,0.967445223224148,0.821548821548822
3,2,compositeIronScore,0.961610127163953,0.968863314826483,0.957524844389657,0.966938347469321,0.971481935211777,0.826599326599327
3,2,supp_iron_pct_of_daily,0.960060225851578,0.968898981132524,0.956307355156828,0.968152631869446,0.966702146888117,0.81986531986532
3,2,multivitamins_per_week,0.961014573019272,0.969029757588007,0.95764659331294,0.968998951299836,0.966963227762939,0.821548821548822
3,2,RQ17_NumberOfPeriods,0.960862312248009,0.969338865573693,0.957920528390327,0.96914613728773,0.966059486273171,0.811447811447811
3,2,RQ18_Menstrual_Flow,0.959873223624229,0.969136756506129,0.960309851009755,0.961658050153625,0.967646054666319,0.811447811447811
3,2,menstrual_flow_times_freq,0.961132867029181,0.969968970313745,0.957190034850629,0.968520596839181,0.967485389512582,0.821548821548822
3,2,RQ19_Ever_Pregnant,0.960744152754439,0.969326976805012,0.957250909312271,0.968796570566482,0.967103809772458,0.821548821548822
3,2,RQ20_NumberOfPregnancies,0.960659078311319,0.96923186665557,0.958103151775252,0.967821463396685,0.966641897455466,0.826599326599327
3,2,RQ21_NumberOfLiveBirths,0.95983261972863,0.968898981132524,0.954541995769225,0.967803065148198,0.96770630409897,0.816498316498317
3,2,gender_menstrating_cohorts,0.959502764559767,0.969552863409937,0.954602870230866,0.966883152723861,0.96702347719559,0.814814814814815
3,2,ARUP_Ferritin,0.926102801126553,0.924125878282786,0.955805140848286,0.933876694938642,0.900769184423513,0.71043771043771
3,2,ARUP_STR,0.962310068759304,0.969136756506129,0.961375154088481,0.967931852887605,0.968469463579218,0.821548821548822
3,2,DER_ARUP_log_Ferr,0.967779052881821,0.971704730541058,0.965088496248611,0.976689419167295,0.972767256441669,0.824915824915825
3,2,DER_ARUP_log_STfR_Ferr,0.964147350693789,0.969576640947297,0.965590710557154,0.972807388736592,0.964854497620147,0.823232323232323
3,2,DER_BodyIron,0.965989350932774,0.970575297516436,0.963018764552801,0.974426434603426,0.970337195991404,0.828282828282828
3,2,time_to_fu,0.943206649605424,0.941507258093279,0.938927696358185,0.946902654867257,0.961360030526379,0.750841750841751
3,3,baseline,0.953304683442329,0.971387696709585,0.942784468756704,0.963329646017699,0.9572768252435,0.785834738617201
3,3,DER_RBC_Last12months,0.953588629727642,0.970720076299475,0.946048236339677,0.962444690265487,0.955727280045078,0.785834738617201
3,3,DER_RBC_Last24months,0.954892173436318,0.972794468288031,0.944439336826944,0.963071533923304,0.958725750623843,0.78752107925801
3,3,DER_RBCLoss_mL,0.954408369637802,0.971506914639962,0.94531273941957,0.964380530973451,0.958484263060452,0.782462057335582
3,3,DER_DaysRBCLoss,0.948855824891298,0.968586075345732,0.945833716404646,0.955457227138643,0.949106496015455,0.772344013490725
3,3,DER_DaysDRLoss,0.953421734870586,0.971220791607058,0.942907051576721,0.963200589970502,0.957880544151976,0.784148397976391
3,3,RQ1_Ever_Donated,0.953516156829685,0.97187649022413,0.942922374429224,0.963735250737463,0.957337197134348,0.78752107925801
3,3,cumLifetimeDonations,0.953459804665015,0.971709585121602,0.941803806196562,0.962997787610619,0.959148353859776,0.785834738617201
3,3,FingerstickHGB_equiv,0.946642724623906,0.967429661421078,0.930127792589869,0.964435840707965,0.948603396925058,0.772344013490725
3,3,DD_ABO_RH,0.953189692555701,0.971447305674773,0.942478011706659,0.963145280235988,0.957256701279884,0.784148397976391
3,3,DER_AdjVenousHgb,0.955384298388778,0.971626132570339,0.952192700193068,0.970427728613569,0.946651372454319,0.779089376053963
3,3,DER_Weight,0.950648143884449,0.966726275631855,0.943320768594281,0.955641592920354,0.952990420993319,0.772344013490725
3,3,DER_Height,0.94851785163376,0.970970433953267,0.94310624865925,0.949612831858407,0.950092570232633,0.775716694772344
3,3,BMI,0.952746150023492,0.970588936576061,0.941390089179002,0.959918879056047,0.958584882878532,0.785834738617201
3,3,DER_EBV,0.948062012175462,0.970672389127325,0.943473997119304,0.95811209439528,0.94415600096595,0.777403035413153
3,3,DER_RedCellVolume,0.952673088583332,0.966106342393896,0.944868376697006,0.956969026548673,0.961321741930291,0.785834738617201
3,3,DER_PercentRBCLoss,0.956614109908065,0.973605150214592,0.945404676534584,0.969542772861357,0.958423891169605,0.795952782462057
3,3,DD_Country,0.953311325684125,0.971304244158321,0.942983665839233,0.962868731563422,0.957498188843275,0.78752107925801
3,3,DER_Age,0.95323805110669,0.9706962327134,0.942018326131593,0.962868731563422,0.9585446349513,0.784148397976391
3,3,Gender_F,0.954518131256127,0.971530758226037,0.944469982531948,0.966703539823009,0.957115833534573,0.78920741989882
3,3,DD_Raceth,0.953747410343477,0.971125417262756,0.94351996567681,0.963808997050147,0.957880544151976,0.784148397976391
3,3,RQ7_Ever_Smoked,0.952258392131447,0.97105388650453,0.941098954981459,0.961615044247788,0.957176205425421,0.78920741989882
3,3,RQ8_Smoked_Past_90Days,0.95342828352945,0.971673819742489,0.942861083019215,0.964122418879056,0.957317073170732,0.790893760539629
3,3,RQ11_Liver,0.953297886659911,0.971518836433,0.94283043731421,0.963864306784661,0.956813974080335,0.782462057335582
3,3,RQ11_Beef,0.953805294177424,0.972174535050072,0.944255462596917,0.964343657817109,0.956793850116719,0.794266441821248
3,3,RQ11_LPCT,0.952468878390578,0.971351931330472,0.942784468756704,0.962702802359882,0.955445544554455,0.790893760539629
3,3,RQ11_Clams,0.953508509000646,0.971554601812113,0.943305445741779,0.962979351032448,0.95796104000644,0.78920741989882
3,3,RQ11_OMSS,0.953489696255576,0.971447305674773,0.943581257086819,0.963661504424779,0.956733478225871,0.785834738617201
3,3,RQ11_OtrFish,0.953511003329215,0.970958512160229,0.94324415433177,0.963384955752212,0.957800048297513,0.790893760539629
3,3,RQ11_Eggs,0.95359103884423,0.971447305674773,0.943366737151788,0.963716814159292,0.957558560734122,0.78752107925801
3,3,RQ11_Dairy,0.953272077088173,0.970898903195041,0.94269253164169,0.963458702064897,0.957397569025195,0.777403035413153
3,3,compositeIronScore,0.953545852239511,0.971685741535527,0.941788483344059,0.96452802359882,0.957357321097963,0.780775716694772
3,3,supp_iron_pct_of_daily,0.953039559346236,0.970839294229852,0.942018326131593,0.964177728613569,0.956894469934798,0.785834738617201
3,3,multivitamins_per_week,0.953362691123414,0.970708154506438,0.942615917379179,0.964509587020649,0.957558560734122,0.790893760539629
3,3,RQ17_NumberOfPeriods,0.951729997782806,0.971292322365284,0.939459409763722,0.959421091445428,0.958484263060452,0.790893760539629
3,3,RQ18_Menstrual_Flow,0.953495691358516,0.97172150691464,0.944056265514388,0.963034660766962,0.957135957498189,0.782462057335582
3,3,menstrual_flow_times_freq,0.953444783101902,0.972913686218407,0.943228831479268,0.963882743362832,0.955888271754005,0.782462057335582
3,3,RQ19_Ever_Pregnant,0.95372649198243,0.971816881258941,0.943627225644326,0.963495575221239,0.9572768252435,0.780775716694772
3,3,RQ20_NumberOfPregnancies,0.953630140841231,0.972198378636147,0.943014311544237,0.963219026548673,0.957840296224744,0.782462057335582
3,3,RQ21_NumberOfLiveBirths,0.953017512624007,0.971649976156414,0.941926389016579,0.963219026548673,0.957156081461805,0.792580101180438
3,3,gender_menstrating_cohorts,0.953046139342503,0.971506914639962,0.942784468756704,0.965117994100295,0.954801577718748,0.777403035413153
3,3,ARUP_Ferritin,0.925400632310854,0.928230805913209,0.945067573779535,0.90929203539823,0.927754970619013,0.715008431703204
3,3,ARUP_STR,0.955294102471776,0.970565092989986,0.945113542337041,0.962186578171091,0.962368188038316,0.801011804384486
3,3,DER_ARUP_log_Ferr,0.960872077521573,0.973390557939914,0.943090925806748,0.971662979351032,0.968083393705224,0.801011804384486
3,3,DER_ARUP_log_STfR_Ferr,0.956567826708847,0.972353361945637,0.945343385124575,0.96943215339233,0.960899138694357,0.797639123102867
3,3,DER_BodyIron,0.959246061409041,0.972782546494993,0.94682970181729,0.969616519174041,0.964420832327135,0.801011804384486
3,3,time_to_fu,0.937902472395993,0.938590844062947,0.933054457417793,0.938643067846608,0.955485792481687,0.720067453625632
3,4,baseline,0.955190258559331,0.969169061302682,0.945604766877572,0.959613501579618,0.966485854288076,0.790540540540541
3,4,DER_RBC_Last12months,0.955816871519566,0.969025383141762,0.94698691565821,0.960463354702829,0.966747998628783,0.788851351351351
3,4,DER_RBC_Last24months,0.954692427318371,0.969360632183908,0.944069046010197,0.959558076375931,0.965699421265956,0.783783783783784
3,4,DER_RBCLoss_mL,0.956096382269758,0.970318486590038,0.95018121506235,0.957267167956842,0.965356617128108,0.782094594594595
3,4,DER_DaysRBCLoss,0.953888862931998,0.966870210727969,0.948476564899564,0.957378018364218,0.963743421185296,0.778716216216216
3,4,DER_DaysDRLoss,0.955177463487682,0.969204980842912,0.945558695251551,0.959410275832764,0.966687503780928,0.788851351351351
3,4,RQ1_Ever_Donated,0.955096194002251,0.969061302681992,0.945205479452055,0.959761302122785,0.966445524389506,0.790540540540541
3,4,cumLifetimeDonations,0.954177670781811,0.967887931034483,0.941489034953007,0.959317900493284,0.969147627593717,0.783783783783784
3,4,FingerstickHGB_equiv,0.952554945886789,0.966463122605364,0.943838687880091,0.961091507011288,0.960476699401101,0.775337837837838
3,4,DD_ABO_RH,0.955230910655023,0.968582375478927,0.944621905522452,0.960149278548599,0.967574761549475,0.787162162162162
3,4,DER_AdjVenousHgb,0.952778866107597,0.971144636015326,0.954419804656306,0.94644077816986,0.961242967473937,0.771959459459459
3,4,DER_Weight,0.954768496300002,0.969288793103448,0.943777259045396,0.960555730042308,0.964912988243835,0.787162162162162
3,4,DER_Height,0.954881818780728,0.968773946360153,0.94305547023773,0.960740480721267,0.967695751245186,0.777027027027027
3,4,BMI,0.95395424463581,0.968773946360153,0.941304748448922,0.960426404567037,0.967131132665201,0.775337837837838
3,4,DER_EBV,0.948190513879601,0.965433429118774,0.928158977824191,0.964435494300442,0.959367627190418,0.766891891891892
3,4,DER_RedCellVolume,0.957801575406756,0.968845785440613,0.94612691197248,0.966301476157925,0.968341029622311,0.782094594594595
3,4,DER_PercentRBCLoss,0.954959731489157,0.968905651340996,0.945174765034707,0.958929924067471,0.965558266620959,0.778716216216216
3,4,DD_Country,0.955188251434321,0.969145114942529,0.945742981755636,0.959687401851202,0.96630436974451,0.79222972972973
3,4,DER_Age,0.955459643147202,0.969516283524904,0.945128693408686,0.960703530585475,0.96701014296949,0.783783783783784
3,4,Gender_F,0.954242241745943,0.968690134099617,0.946541556606671,0.956047813475715,0.966687503780928,0.780405405405405
3,4,DD_Raceth,0.955909213497336,0.969037356321839,0.946111554763806,0.959244000221701,0.968078885281603,0.793918918918919
3,4,RQ7_Ever_Smoked,0.954630466845473,0.969204980842912,0.944852263652558,0.958874498863783,0.966707668730213,0.79222972972973
3,4,RQ8_Smoked_Past_90Days,0.955379554095297,0.969276819923372,0.945604766877572,0.960204703752286,0.966606843983787,0.795608108108108
3,4,RQ11_Liver,0.955839900535999,0.969408524904215,0.946142269181154,0.960888281264434,0.966747998628783,0.79222972972973
3,4,RQ11_Beef,0.955522504897049,0.969181034482759,0.944852263652558,0.960629630313891,0.967796575991611,0.785472972972973
3,4,RQ11_LPCT,0.954695776766165,0.969432471264368,0.945451194790835,0.959927577733848,0.965195297533827,0.785472972972973
3,4,RQ11_Clams,0.955105748055263,0.969145114942529,0.94477547760919,0.960019953073328,0.966687503780928,0.790540540540541
3,4,RQ11_OMSS,0.95543565939372,0.969228927203065,0.94551262362553,0.960629630313891,0.966627008933073,0.785472972972973
3,4,RQ11_OtrFish,0.955300848323511,0.968726053639847,0.945620124086246,0.959742827054889,0.967110967715916,0.785472972972973
3,4,RQ11_Eggs,0.9555771055523,0.969300766283525,0.946434056145955,0.960685055517579,0.96626403984594,0.783783783783784
3,4,RQ11_Dairy,0.955434726213162,0.968881704980843,0.944744763191842,0.960167753616495,0.967373112056623,0.782094594594595
3,4,compositeIronScore,0.955685409897152,0.969181034482759,0.943761901836722,0.959502651172243,0.969127462644432,0.785472972972973
3,4,supp_iron_pct_of_daily,0.954991656007757,0.968702107279694,0.943700473002027,0.960241653888078,0.967473936803049,0.788851351351351
3,4,multivitamins_per_week,0.955223370409535,0.96977969348659,0.947278702623011,0.958782123524304,0.96626403984594,0.79222972972973
3,4,RQ17_NumberOfPeriods,0.955825285449693,0.970102969348659,0.9458811966337,0.962126110813457,0.967211792462342,0.787162162162162
3,4,RQ18_Menstrual_Flow,0.953230301309891,0.968139367816092,0.947816204926593,0.95383080532821,0.964086225323143,0.783783783783784
3,4,menstrual_flow_times_freq,0.954239859106834,0.968127394636015,0.946833343571472,0.95499473460565,0.9656389264181,0.778716216216216
3,4,RQ19_Ever_Pregnant,0.95532420154959,0.969085249042146,0.945220836660729,0.959742827054889,0.96692948317235,0.787162162162162
3,4,RQ20_NumberOfPregnancies,0.95580191713407,0.969181034482759,0.946771914736777,0.959299425425388,0.967836905890182,0.79222972972973
3,4,RQ21_NumberOfLiveBirths,0.953688578758449,0.969181034482759,0.940598316849929,0.960370979363349,0.965538101671674,0.787162162162162
3,4,gender_menstrating_cohorts,0.955519349673251,0.969420498084291,0.945927268259721,0.959798252258577,0.96626403984594,0.783783783783784
3,4,ARUP_Ferritin,0.926700634887334,0.928172892720307,0.939984028502979,0.909065715816506,0.944727874009397,0.704391891891892
3,4,ARUP_STR,0.957798709471087,0.969204980842912,0.948921923951103,0.963419365566168,0.96755459660019,0.787162162162162
3,4,DER_ARUP_log_Ferr,0.959395833875695,0.96981561302682,0.94477547760919,0.963788866924086,0.973261277247888,0.787162162162162
3,4,DER_ARUP_log_STfR_Ferr,0.959466468465583,0.97084530651341,0.951824436390442,0.966966578602176,0.965316287229538,0.785472972972973
3,4,DER_BodyIron,0.959818578895514,0.969875478927203,0.950196572271024,0.965470098102611,0.971829565848642,0.800675675675676
3,4,time_to_fu,0.939642607349918,0.944899425287356,0.924027888690952,0.946570103645131,0.960133895263253,0.72972972972973
3,5,baseline,0.95727719152511,0.962859195402299,0.953298728423122,0.966800302991114,0.965860740860237,0.782094594594595
3,5,DER_RBC_Last12months,0.956990047620948,0.962188697318008,0.954650162786412,0.967428455299573,0.963803916033151,0.785472972972973
3,5,DER_RBC_Last24months,0.955757508604007,0.963158524904215,0.950641931322563,0.964324643893066,0.964812163497409,0.783783783783784
3,5,DER_RBCLoss_mL,0.958320924122899,0.962895114942529,0.957199459426255,0.968592384577013,0.964166885120284,0.800675675675676
3,5,DER_DaysRBCLoss,0.955114769016217,0.957435344827586,0.954911235333866,0.965543998374194,0.961868080901777,0.780405405405405
3,5,DER_DaysDRLoss,0.957381316497209,0.963014846743295,0.953268014005774,0.967520830639053,0.965538101671674,0.783783783783784
3,5,RQ1_Ever_Donated,0.957376277020408,0.962847222222222,0.953068370293015,0.967003528737968,0.96622370994737,0.782094594594595
3,5,cumLifetimeDonations,0.957298976300799,0.961230842911877,0.95140979175625,0.969978014669204,0.965780081063096,0.79222972972973
3,5,FingerstickHGB_equiv,0.953516617229179,0.961254789272031,0.949766570428159,0.967095904077447,0.957714101349035,0.778716216216216
3,5,DD_ABO_RH,0.957766820520699,0.961997126436782,0.953836230726703,0.967650156114324,0.96692948317235,0.790540540540541
3,5,DER_AdjVenousHgb,0.956094964068121,0.962907088122605,0.955187665089993,0.962698837918229,0.962896493315319,0.782094594594595
3,5,DER_Weight,0.95750582119282,0.960847701149425,0.956754100374716,0.961220832486559,0.966949648121635,0.797297297297297
3,5,DER_Height,0.956470917487638,0.964762931034483,0.94907549603784,0.966172150682654,0.9656389264181,0.780405405405405
3,5,BMI,0.956163516085275,0.960931513409962,0.950273358314393,0.9646202449794,0.968361194571596,0.788851351351351
3,5,DER_EBV,0.955477207808367,0.955471743295019,0.957291602678297,0.957969220536885,0.96896614305015,0.775337837837838
3,5,DER_RedCellVolume,0.962786137690209,0.966822318007663,0.955126236255298,0.976776839654886,0.968320864673025,0.805743243243243
3,5,DER_PercentRBCLoss,0.954770000296479,0.960272988505747,0.952623011241477,0.964472444436233,0.961847915952491,0.783783783783784
3,5,DD_Country,0.957159487902862,0.963062739463602,0.952715154493519,0.966375376429508,0.966163215099514,0.785472972972973
3,5,DER_Age,0.957492588524375,0.962811302681992,0.952822654954236,0.966597077244259,0.967070637817346,0.785472972972973
3,5,Gender_F,0.95949271909981,0.964020593869732,0.954895878125192,0.967871856929074,0.969873565767982,0.79222972972973
3,5,DD_Raceth,0.956487097359729,0.962440134099617,0.951686221512378,0.966744877787426,0.96559859651953,0.785472972972973
3,5,RQ7_Ever_Smoked,0.956426599925973,0.962380268199234,0.951486577799619,0.96587654959632,0.966445524389506,0.787162162162162
3,5,RQ8_Smoked_Past_90Days,0.957038124634893,0.962727490421456,0.953360157257817,0.966486226836884,0.965538101671674,0.782094594594595
3,5,RQ11_Liver,0.957277541818112,0.962595785440613,0.953314085631796,0.966985053670072,0.966102720251659,0.785472972972973
3,5,RQ11_Beef,0.957113330279003,0.962595785440613,0.952791940536888,0.966652502447947,0.965800246012381,0.787162162162162
3,5,RQ11_LPCT,0.957360317886799,0.962859195402299,0.953667301431292,0.965673323849465,0.966707668730213,0.778716216216216
3,5,RQ11_Clams,0.957910937097562,0.963134578544061,0.954419804656306,0.96726217968851,0.966324534693795,0.788851351351351
3,5,RQ11_OMSS,0.957568123551688,0.962835249042146,0.954496590699674,0.96704047887376,0.965517936722389,0.778716216216216
3,5,RQ11_OtrFish,0.957305661615798,0.962715517241379,0.953728730265987,0.966560127108467,0.966022060454518,0.787162162162162
3,5,RQ11_Eggs,0.957279038916512,0.962763409961686,0.954343018612937,0.966652502447947,0.965618761468815,0.797297297297297
3,5,RQ11_Dairy,0.957713797153999,0.963350095785441,0.954527305117022,0.966356901361612,0.966425359440221,0.79222972972973
3,5,compositeIronScore,0.956549315001582,0.963589559386973,0.950043000184287,0.966264526022133,0.966707668730213,0.795608108108108
3,5,supp_iron_pct_of_daily,0.957278016492076,0.962679597701149,0.952914798206278,0.96766863118222,0.965477606823819,0.782094594594595
3,5,multivitamins_per_week,0.957207537324497,0.96260775862069,0.953022298666994,0.967169804349031,0.965941400657377,0.778716216216216
3,5,RQ17_NumberOfPeriods,0.95641716141576,0.963661398467433,0.951425148964924,0.965968924935799,0.966122885200944,0.790540540540541
3,5,RQ18_Menstrual_Flow,0.955760900518091,0.962284482758621,0.954711591621107,0.95933637556118,0.966425359440221,0.782094594594595
3,5,menstrual_flow_times_freq,0.956406598518903,0.961230842911877,0.954573376743043,0.96672640271953,0.962150390191769,0.787162162162162
3,5,RQ19_Ever_Pregnant,0.957748382390461,0.963182471264368,0.954665519995086,0.966079775343174,0.966707668730213,0.793918918918919
3,5,RQ20_NumberOfPregnancies,0.95656956366162,0.960943486590038,0.954312304195589,0.963345465294585,0.966526184186647,0.773648648648649
3,5,RQ21_NumberOfLiveBirths,0.956697095535463,0.963517720306513,0.951394434547577,0.966116725478966,0.965901070758807,0.782094594594595
3,5,gender_menstrating_cohorts,0.955358741301852,0.962068965517241,0.953037655875668,0.965543998374194,0.961101812828941,0.783783783783784
3,5,ARUP_Ferritin,0.930493740732691,0.919432471264368,0.951624792677683,0.922404714837327,0.940452904760945,0.728040540540541
3,5,ARUP_STR,0.958421698353814,0.961877394636015,0.957153387800233,0.967336079960094,0.966324534693795,0.785472972972973
3,5,DER_ARUP_log_Ferr,0.963121931579886,0.965301724137931,0.959933042570182,0.972028747205646,0.969792905970841,0.793918918918919
3,5,DER_ARUP_log_STfR_Ferr,0.960190355313492,0.963206417624521,0.958842680754346,0.971086518742956,0.961505111814644,0.802364864864865
3,5,DER_BodyIron,0.962598076263435,0.963829022988506,0.953513729344554,0.977497367302825,0.97221269988506,0.793918918918919
3,5,time_to_fu,0.945156220064499,0.940146072796935,0.937219730941704,0.963474790769856,0.959226472545422,0.744932432432432
